Timestamp,State,Angle_Nose,Angle_MLH,Angle_MRH,Pressure_Ch1,Pressure_Ch2,Pressure_Ch3,Pressure_Ch4,Pressure_Ch5,Pressure_Ch6,Pressure_Ch7,Pressure_Ch8,Pressure_Ch9,Pressure_Ch10,Flow_Ch1,Flow_Ch2,Flow_Ch3,Flow_Ch4,Flow_Ch5,Flow_Ch6,Flow_Ch7,Flow_Ch8,Flow_Ch9,Flow_Ch10,LS_Nose_Down,LS_Nose_Up,LS_MLH_Down,LS_MLH_Up,LS_MRH_Down,LS_MRH_Up
2026-02-13 16:43:46.805,MOVING_UP,1.8,1.8,1.8,1437.9781037946325,1440.863560023763,1542.895404662223,1539.53238619881,1353.2493878680414,1558.3197532935126,1566.96851316771,1407.0576850443447,1598.7515154990974,1383.503011429334,0.46052260324312516,0.46578913086416573,0.4930861114401143,0.5076742947971778,0.48214260261802216,0.4645914037997267,0.4541439656191679,0.5107309951241004,0.5127604612816644,0.510877393309932,0,0,0,0,0,0
2026-02-13 16:43:46.915,MOVING_UP,3.6,3.6,3.6,1521.9500655657548,1624.978783675832,1509.502929662577,1414.7955033443993,1382.1558650449938,1427.0597566012125,1630.411729923394,1600.9824039119017,1549.1911593426423,1620.3436513723543,0.5026924692886052,0.5015295070849981,0.48988200140655275,0.47293761231695874,0.48862391700526525,0.5264993277442194,0.46401785750378244,0.5483147206971152,0.4754474377419832,0.48865848509232745,0,0,0,0,0,0
2026-02-13 16:43:47.025,MOVING_UP,5.4,5.4,5.4,1461.247480666543,1457.152091233439,1491.9340499309114,1560.5550327676444,1567.1948263614613,1480.688072320354,1574.5699559114353,1571.681943057909,1634.7168677628938,1433.616923218814,0.5363816438983366,0.5081773610381224,0.5211134902960235,0.501316910007046,0.4640780950949833,0.4806199088943388,0.5391172868995543,0.49872478758920447,0.5028703241938114,0.4654218480904609,0,0,0,0,0,0
2026-02-13 16:43:47.136,MOVING_UP,7.2,7.2,7.2,1589.0973441093472,1424.8774004911684,1627.807768644196,1438.2513501693006,1422.852709430987,1625.5928004537693,1508.9715074315789,1584.0127311391786,1499.414894823639,1485.8495641281586,0.5037312777625835,0.45018230514510854,0.494062308790019,0.5264459864878662,0.46306524273947947,0.4533051706602673,0.5020038194489678,0.5228265040782708,0.5410649343492403,0.45796773621320225,0,0,0,0,0,0
2026-02-13 16:43:47.244,MOVING_UP,9.0,9.0,9.0,1444.0933512596393,1377.2505838536333,1372.650891187138,1481.9060986843049,1560.9276475508086,1464.4886380187875,1614.0289960968767,1591.9890492907014,1405.4773434992846,1549.49287560945,0.5091865419316888,0.5019235645920744,0.4671037645703392,0.5483814531179276,0.4550321487239687,0.4897109774745493,0.4503922289516398,0.5347349721520159,0.4585261464429293,0.48490820708815086,0,0,0,0,0,0
2026-02-13 16:43:47.355,MOVING_UP,10.8,10.8,10.8,1563.7220769534122,1598.5536765534032,1613.8850408905962,1560.3484870466636,1426.3476224499195,1443.3548854234793,1556.277535937155,1612.0729227177835,1481.6466446833226,1441.1380524507151,0.45922679826002716,0.5150436698673377,0.5163544382487,0.46857736157913704,0.4594318333705667,0.47643973938799533,0.48690606777132783,0.4687021851548926,0.5040710159634931,0.516905041071634,0,0,0,0,0,0
2026-02-13 16:43:47.463,MOVING_UP,12.600000000000001,12.600000000000001,12.600000000000001,1543.3999706566344,1388.8315514162655,1611.5102562735676,1379.1303916881607,1533.5666000832925,1442.3265030686248,1484.2816882126892,1614.855625004295,1460.3497128073996,1545.17795175919,0.5249417427677123,0.46250826569756703,0.4530467025527418,0.47250135264413656,0.5496796275678858,0.48973000482949874,0.5468004325119121,0.5411929895261879,0.5176935333511984,0.5050411797143431,0,0,0,0,0,0
2026-02-13 16:43:47.572,MOVING_UP,14.400000000000002,14.400000000000002,14.400000000000002,1551.7813417818875,1484.7513008034127,1617.1703978734738,1536.687003617529,1420.1634225721068,1524.396587777499,1492.6556120225448,1386.3577605460375,1375.519503589048,1446.3655217876155,0.5487113969628067,0.5126212759791292,0.46453524629907056,0.5073864531902974,0.49556761990617015,0.5243415138936991,0.5025867772054128,0.5416700005924044,0.5417267839083326,0.468414126464823,0,0,0,0,0,0
2026-02-13 16:43:47.683,MOVING_UP,16.200000000000003,16.200000000000003,16.200000000000003,1526.2252855539539,1634.4376705288107,1577.8080961055477,1547.1109689891864,1467.6087863807452,1396.27426773916,1524.3996821536755,1606.917561116392,1364.4216286873816,1469.997062582018,0.4957722728205265,0.4847169728343955,0.45198867070992843,0.49595654823585245,0.5437411418153775,0.4878341146532504,0.5398208663166333,0.528443028884989,0.4775463749675627,0.5371183354722844,0,0,0,0,0,0
2026-02-13 16:43:47.793,MOVING_UP,18.000000000000004,18.000000000000004,18.000000000000004,1640.6393673172577,1442.7888193142123,1517.03872626148,1509.676676294861,1616.3302073915154,1351.6186023109,1635.6793827744195,1544.4582618426202,1527.2641534893592,1540.0735984935409,0.5174389633082359,0.46297495536198163,0.5196755404079437,0.48192825850290044,0.50675947171399,0.49212427213726956,0.5190651803564841,0.45028456435846803,0.48355920902286087,0.4583998083003967,0,0,0,0,0,0
2026-02-13 16:43:47.916,MOVING_UP,19.800000000000004,19.800000000000004,19.800000000000004,1550.695231096266,1412.9923285342734,1499.4878296489123,1540.259403817624,1390.3088446645763,1511.7782061897803,1392.255730184267,1621.6681424175265,1584.2913866828353,1439.8350700337273,0.5061173536866771,0.4685999386040284,0.4961811766297545,0.4719733689855436,0.4784699131663195,0.4774937512841993,0.48690340281889427,0.488559698718909,0.48093546271318643,0.4616252398270444,0,0,0,0,0,0
2026-02-13 16:43:48.026,MOVING_UP,21.600000000000005,21.600000000000005,21.600000000000005,1373.288711762299,1560.2551449396415,1472.4103063344885,1396.1319303192995,1410.6594186488167,1375.6936016877155,1461.3902081948738,1404.7141885332112,1427.8374214372661,1449.7427322044784,0.5109752886340426,0.5099046509571851,0.5212769797259565,0.5311756897890492,0.514854695251831,0.5119067099522641,0.5255426023781198,0.45604536527247336,0.4601841390202179,0.45066952960854595,0,0,0,0,0,0
2026-02-13 16:43:48.135,MOVING_UP,23.400000000000006,23.400000000000006,23.400000000000006,1502.0767419571998,1540.945934121737,1451.7604628350637,1490.4502791298235,1392.7319049141956,1577.5458312633732,1511.9077636014383,1510.5294731199047,1528.3401784747373,1530.4590275017201,0.4666672754840383,0.5135696143848861,0.538837815449683,0.47700408464359284,0.5058765931294904,0.5451498298919483,0.4567191610772174,0.5376309956619807,0.45845206300407176,0.47328671638015674,0,0,0,0,0,0
2026-02-13 16:43:48.243,MOVING_UP,25.200000000000006,25.200000000000006,25.200000000000006,1554.659549908574,1531.7980919109154,1397.814961641264,1573.6800180832684,1511.7367100417814,1633.6123501905568,1510.5996326690204,1589.7511032907687,1380.7222261007253,1597.9886121377988,0.5415572900008554,0.4563744471396859,0.46454455751053503,0.5063220260365721,0.4689106431625769,0.48738019035106694,0.4923578994119385,0.5221856682931693,0.5046231325780094,0.5332598653771535,0,0,0,0,0,0
2026-02-13 16:43:48.353,MOVING_UP,27.000000000000007,27.000000000000007,27.000000000000007,1522.5621428423701,1407.7212092663713,1604.147392903173,1418.5830089934834,1374.119432412469,1387.6022111713826,1484.974442235278,1519.18465470336,1398.960007813011,1420.9120660065983,0.5289401730697609,0.5319292199463308,0.48022008381544445,0.47729622586055714,0.48268734113755823,0.5315425928661082,0.5187373675938562,0.49661070891403053,0.5219307190393222,0.5400420193654841,0,0,0,0,0,0
2026-02-13 16:43:48.461,MOVING_UP,28.800000000000008,28.800000000000008,28.800000000000008,1540.2120881072033,1423.9742832322447,1464.5311442601903,1450.616693335002,1573.5364805351824,1519.6247518527696,1428.5923292092998,1611.9361658067573,1513.4317710510863,1360.3929903654189,0.45834304061800135,0.4775872911658909,0.46376689548869193,0.4749171396113912,0.5329109646686191,0.5251218857979634,0.5440216920629433,0.45063595091663633,0.49397744283984957,0.5072965834779428,0,0,0,0,0,0
2026-02-13 16:43:48.571,MOVING_UP,30.60000000000001,30.60000000000001,30.60000000000001,1415.8778256751045,1440.2665867932924,1570.2774301687527,1560.0861458932204,1473.8379835239766,1448.6095184195265,1403.0268523126683,1507.328280427443,1591.7099323175157,1464.26087686606,0.4793555161163378,0.5215819551671831,0.4577332572795885,0.49441630212117527,0.47358945609816444,0.47002696355032914,0.5451038770571652,0.48331675598331025,0.5436322158831836,0.5451067085746558,0,0,0,0,0,0
2026-02-13 16:43:48.681,MOVING_UP,32.400000000000006,32.400000000000006,32.400000000000006,1487.6682232398084,1550.5544293282862,1453.851295353106,1406.2364770911665,1378.0457348200255,1417.459871609289,1648.2442619230515,1429.1178665847867,1519.4968731625095,1386.2135918659624,0.47440824123529096,0.4537238673968331,0.5199769605104706,0.5317205260192729,0.48301653671629596,0.5411356501355771,0.5207108916771634,0.516132566068977,0.46153034147075567,0.4788418421625895,0,0,0,0,0,0
2026-02-13 16:43:48.791,MOVING_UP,34.2,34.2,34.2,1357.6860544426008,1492.794959595953,1470.4295949378861,1391.1239342305958,1381.8976358159798,1398.344415453691,1409.6440712657547,1401.305042982798,1599.0402491477175,1447.9657504253537,0.5027326660652622,0.46432460123490615,0.5312847462303861,0.5300508072545657,0.5018077227494603,0.5186312178249566,0.46379014226291704,0.49543534292935043,0.513907023561428,0.529060203457625,0,0,0,0,0,0
2026-02-13 16:43:48.901,MOVING_UP,36.0,36.0,36.0,1611.3408085390097,1623.9819552950196,1642.9537791939715,1592.6691781596403,1542.2906757399935,1520.5189893534362,1442.0341360039847,1457.9923285220998,1505.872263547085,1580.8660000793334,0.5479807380091395,0.5459278302669878,0.5172577634230887,0.49774054991599953,0.5258681956294482,0.5414130436992904,0.5332391431270516,0.5052125582904545,0.4761681418995812,0.5404006449003588,0,0,0,0,0,0
2026-02-13 16:43:49.010,MOVING_UP,37.8,37.8,37.8,1618.867598998553,1558.7531355453536,1403.8098228694605,1599.6532613461534,1384.506761556472,1430.0429256265718,1540.63637287687,1649.459670982756,1491.2905076240932,1505.2241997179383,0.5266637603868481,0.49168068893522093,0.4840638064800516,0.4534733214530856,0.5401621788539333,0.5292525423857853,0.48177039688897866,0.5154131973794521,0.5081119268549997,0.4689243679624965,0,0,0,0,0,0
2026-02-13 16:43:49.120,MOVING_UP,39.599999999999994,39.599999999999994,39.599999999999994,1497.9894539023423,1644.4196017652214,1464.3558316966448,1468.6823940523275,1435.9454170972972,1622.380899421924,1460.0679461511056,1601.7776552080065,1500.2855403249212,1609.815197497252,0.4961766955672414,0.4633418712933296,0.5469716151703559,0.4653413729863353,0.524973266686762,0.5024682289888075,0.5013564689270433,0.45025357730981985,0.5040963924504815,0.5399498630850104,0,0,0,0,0,0
2026-02-13 16:43:49.228,MOVING_UP,41.39999999999999,41.39999999999999,41.39999999999999,1596.508681516079,1593.1887546290682,1504.640417537334,1495.0665994887427,1537.6246466360208,1519.8051138935468,1581.026244572503,1379.0525559156804,1606.7403074611655,1471.6665057339233,0.5148848074383974,0.4860178831051562,0.5480988453993213,0.47517382899285415,0.5055722030342317,0.4645071231985865,0.4969560323287672,0.5148277200934155,0.52230066719913,0.5290126435636512,0,0,0,0,0,0
2026-02-13 16:43:49.335,MOVING_UP,43.19999999999999,43.19999999999999,43.19999999999999,1474.9224325985954,1501.9067700151065,1549.2402688556388,1464.8843328071625,1531.4266361900056,1632.4063246962603,1572.1528732906818,1453.448788363064,1646.4275880208238,1501.869660966253,0.4841241813125388,0.4674616922003242,0.48915963489607395,0.4622463534667595,0.5106920184027505,0.5259105164228232,0.5413279787700683,0.5134820992411906,0.4749711599542731,0.5095613246038385,0,0,0,0,0,0
2026-02-13 16:43:49.446,MOVING_UP,44.999999999999986,44.999999999999986,44.999999999999986,1588.0593575640335,1468.4892266381262,1572.5862187505088,1644.9721026132302,1354.341891970069,1428.4241487839192,1373.6719765544003,1407.6609308362492,1612.4798625432006,1547.7818423753843,0.5437468311981908,0.5091524297676099,0.5002210112174478,0.5108922550259848,0.4976377163771087,0.5324921861138234,0.4632442015247234,0.4652913888590976,0.4618282242593933,0.5497931540770806,0,0,0,0,0,0
2026-02-13 16:43:49.555,MOVING_UP,46.79999999999998,46.79999999999998,46.79999999999998,1525.606454067984,1640.2523925948956,1439.438282840201,1466.7095746220461,1526.1701796241528,1418.2313204106974,1376.3892170926574,1383.329277634998,1613.6578055843156,1461.4839874863028,0.46778729495115673,0.4572543029002856,0.5271437588560307,0.502060204117622,0.45664210447700976,0.47339635700063815,0.4573172402930919,0.5463632718806825,0.5322744613325219,0.48528171031578243,0,0,0,0,0,0
2026-02-13 16:43:49.664,MOVING_UP,48.59999999999998,48.59999999999998,48.59999999999998,1640.7823996144868,1516.403448681291,1576.9734312907776,1455.728575210718,1416.8398708160619,1376.1708550448504,1396.7188026706679,1362.7768619574733,1399.921373225774,1371.4332540767357,0.4586208418213673,0.5200158438602769,0.5157701112880688,0.5387735143739818,0.4516504374811552,0.5223472962050663,0.4821318462697248,0.5073942334906789,0.4635752018352973,0.4733306553498082,0,0,0,0,0,0
2026-02-13 16:43:49.772,MOVING_UP,50.39999999999998,50.39999999999998,50.39999999999998,1575.701103604507,1617.1129527914595,1436.5795511134656,1481.550327389879,1525.0018712154729,1647.8575042517884,1632.0856534230397,1624.0263914597372,1631.6246945418482,1639.6528979359116,0.46639656546357217,0.45397952868472174,0.45631206946280145,0.4666812336965532,0.5207479302141907,0.531107066957555,0.5008949824117498,0.5178295954474563,0.5423575910969914,0.5035505919960108,0,0,0,0,0,0
2026-02-13 16:43:49.882,MOVING_UP,52.199999999999974,52.199999999999974,52.199999999999974,1450.2634323666655,1629.9954307470925,1566.368778737768,1566.2995115045333,1422.2299415309997,1514.0660156810113,1643.9404481438744,1386.5959365104716,1546.1936368766258,1586.061806794348,0.5295672979602788,0.5183323462104222,0.5363285159965728,0.47107253814820366,0.49463120581133146,0.4949237828860204,0.5048582269562684,0.47472018853107983,0.5400724748030861,0.46026558683236096,0,0,0,0,0,0
2026-02-13 16:43:49.991,MOVING_UP,53.99999999999997,53.99999999999997,53.99999999999997,1361.583938472831,1540.425768677785,1598.0492574425907,1639.9963192913262,1526.225835787899,1461.2193660728865,1626.220663652554,1568.5461875595265,1422.8024793416844,1623.0137789198536,0.5082807412192945,0.4693672206095062,0.49980115535973685,0.529144075317053,0.47996105800594213,0.5224520833609735,0.4699127214596154,0.4918867798090456,0.4979451909479066,0.4645901357896111,0,0,0,0,0,0
2026-02-13 16:43:50.099,MOVING_UP,55.79999999999997,55.79999999999997,55.79999999999997,1595.4911094764075,1634.9758245317373,1546.1522262143897,1433.170037260793,1380.6422731639523,1550.8781281404067,1480.703580438909,1505.83701781972,1528.76236284239,1385.3165784050718,0.4683425223613624,0.5155815654574937,0.45289802874648166,0.4717071824520219,0.4921963900430614,0.49343658979255717,0.5308962934241095,0.539655646696871,0.4504633982009844,0.47120018228338356,0,0,0,0,0,0
2026-02-13 16:43:50.210,MOVING_UP,57.599999999999966,57.599999999999966,57.599999999999966,1530.4339547090674,1422.0328379215707,1550.2839585129093,1391.9790310776245,1383.845215570928,1534.794511257334,1400.6032525481846,1506.8954246731255,1562.2449855509835,1463.6578370977181,0.5473970259376293,0.536401775183364,0.4744035008140138,0.4968677589218551,0.4820595382272133,0.5257152146345336,0.5302735009367667,0.4772412500427292,0.4914736384599015,0.4817903758613076,0,0,0,0,0,0
2026-02-13 16:43:50.319,MOVING_UP,59.39999999999996,59.39999999999996,59.39999999999996,1647.2980604422994,1649.2849087639495,1587.9926742004877,1440.3960878628804,1397.5847563395102,1394.3617263767846,1572.1262748677486,1493.5326008293098,1472.2799230378391,1425.0346274405122,0.49441440946637444,0.520960719249076,0.48484389282887463,0.5171505475071536,0.4740245705076665,0.4554691679520719,0.5244496436876708,0.5104595893480526,0.5018344046475794,0.5201178462986353,0,0,0,0,0,0
2026-02-13 16:43:50.426,MOVING_UP,61.19999999999996,61.19999999999996,61.19999999999996,1562.9844839397804,1413.544236061825,1574.3616486060484,1640.5464724467467,1647.7594932807272,1448.147481096614,1491.756517108743,1454.6179103021204,1513.5824668477603,1476.2702507173894,0.5320430157553316,0.4924405128688187,0.5078663915658568,0.5060818356283185,0.47869838877616255,0.5152371327824224,0.5267798804934937,0.4777054823272139,0.4860370771062,0.4606052532613943,0,0,0,0,0,0
2026-02-13 16:43:50.533,MOVING_UP,62.99999999999996,62.99999999999996,62.99999999999996,1405.7503332156302,1616.758356219087,1383.9491376519447,1470.0576990185968,1369.846149179727,1371.25560222717,1382.4746906477087,1520.6621595320012,1499.5387098546332,1543.225916615595,0.4569731391014884,0.48695426810678977,0.5415436573014982,0.4903758027998585,0.5075788554134066,0.5127636586611185,0.518466553215979,0.48267262495381447,0.5127261857573135,0.46502453252132314,0,0,0,0,0,0
2026-02-13 16:43:50.641,MOVING_UP,64.79999999999995,64.79999999999995,64.79999999999995,1576.4691632984789,1444.6375686912395,1369.5580977537277,1589.617171325659,1376.1635017163485,1476.8831522625453,1351.245335674125,1472.0206277050843,1435.1833753771145,1566.350449098354,0.5496829073133235,0.4653907591628627,0.45424918448921503,0.521036963480968,0.5308581566820613,0.4777228054922002,0.5347690059546115,0.5062557060940243,0.5029795461102516,0.45613591673876297,0,0,0,0,0,0
2026-02-13 16:43:50.750,MOVING_UP,66.59999999999995,66.59999999999995,66.59999999999995,1498.9414411968228,1400.658553344575,1540.6926409696423,1626.6285161513165,1477.6798550846452,1469.4230829324847,1376.4452807450614,1353.4350450295608,1602.4276889558898,1463.823894972832,0.4896562575466934,0.5069614736172168,0.5004166223651945,0.48011906248168423,0.5096887381047481,0.5314642695114439,0.5042713261231553,0.5136847250834735,0.4585070546469704,0.5468636495268934,0,0,0,0,0,0
2026-02-13 16:43:50.860,MOVING_UP,68.39999999999995,68.39999999999995,68.39999999999995,1636.1956140773038,1495.701361693929,1632.7451385879929,1462.227552050565,1649.161295899684,1492.02559331858,1479.6862952576435,1374.4417554581225,1644.226835640308,1462.620914478535,0.5175563909348241,0.4842379613155626,0.5494394151618228,0.5270004740160902,0.5096520675409887,0.503795963416367,0.5200694227050249,0.5358154844999693,0.5047639743863717,0.5111969219835353,0,0,0,0,0,0
2026-02-13 16:43:50.967,MOVING_UP,70.19999999999995,70.19999999999995,70.19999999999995,1369.1350495155802,1555.628624460205,1486.5053042454256,1372.973527173791,1352.0202492827132,1645.155054070572,1409.3043124718808,1589.9885883522415,1375.7544214813258,1508.9948650363997,0.45458473329487,0.46971290354808193,0.48589724878094437,0.47027597594221965,0.49247973797112093,0.45949707586303606,0.5170202122858024,0.5195327996383129,0.4580494416849054,0.5283896733032574,0,0,0,0,0,0
2026-02-13 16:43:51.075,MOVING_UP,71.99999999999994,71.99999999999994,71.99999999999994,1358.755337287049,1523.359149317925,1486.4299982527787,1498.2378716927874,1429.7448845077702,1571.864798988639,1395.2792948398574,1376.9929388718404,1398.6580186817796,1506.0287171990142,0.45016214910167407,0.5255319496239101,0.4767876325258144,0.514610752727635,0.508950431605085,0.4876195792496375,0.5248545344129879,0.4765413191565584,0.4857924777689967,0.509515397825175,0,0,0,0,0,0
2026-02-13 16:43:51.197,MOVING_UP,73.79999999999994,73.79999999999994,73.79999999999994,1634.6146680603422,1412.8360062945655,1516.6947996699323,1406.0987848432992,1397.9900442440976,1438.1876528708908,1564.602695065857,1402.5068508711965,1402.4446937693338,1589.1872262302793,0.5361046932605915,0.5466258621514439,0.5192907859798536,0.49141435355048013,0.4918535718838016,0.5446691303528691,0.5014000901881573,0.5132113266043786,0.4634483120927421,0.5038832665362167,0,0,0,0,0,0
2026-02-13 16:43:51.307,MOVING_UP,75.59999999999994,75.59999999999994,75.59999999999994,1566.083874948276,1359.1085617609413,1622.002884632973,1485.2370274168609,1369.9205205211388,1495.9276624875672,1574.844324142839,1622.675831118439,1512.77034265971,1518.35372817118,0.5013132322141333,0.5171973947381885,0.5139982326641506,0.4691978199174847,0.5025188540409571,0.501249265015943,0.5341615293258827,0.45593542402259735,0.45949964134116633,0.5420158063750133,0,0,0,0,0,0
2026-02-13 16:43:51.415,MOVING_UP,77.39999999999993,77.39999999999993,77.39999999999993,1358.372269676762,1642.0430275062718,1615.2907279257702,1436.2203536968786,1450.484532529371,1615.2983067103323,1625.6903320461993,1507.4622429624187,1466.259173762131,1541.7175627169715,0.46755341128147054,0.5105139055375617,0.5375062710793238,0.49883383201510406,0.49923392077582385,0.4630123895965919,0.47462619796876715,0.4523204168810315,0.4838765698135021,0.46813180097720686,0,0,0,0,0,0
2026-02-13 16:43:51.524,MOVING_UP,79.19999999999993,79.19999999999993,79.19999999999993,1445.5862973651297,1529.150849608121,1405.1831354590624,1444.7290283399036,1540.7634468509887,1585.2083207161836,1443.774587348511,1551.7987798384163,1427.3227652812363,1620.2844291434562,0.4999873893240692,0.48547063046149863,0.45293016228477395,0.5364156839746502,0.4844570784003233,0.5218859609566174,0.47684640474366075,0.47788171545817065,0.4558245609525679,0.5468821904889536,0,0,0,0,0,0
2026-02-13 16:43:51.632,MOVING_UP,80.99999999999993,80.99999999999993,80.99999999999993,1565.5396620791164,1577.6428311707211,1549.762488310949,1468.8204421581936,1469.3514395941556,1445.7851906572319,1418.5633509411846,1577.6482156573697,1580.6626211232558,1404.6951500410294,0.46584704691234163,0.48837373538774526,0.5070029937800816,0.4971187614874345,0.4729416879930765,0.4624466121360297,0.4601306772195244,0.5286936462816831,0.5175048890956881,0.4628451254049261,0,0,0,0,0,0
2026-02-13 16:43:51.742,MOVING_UP,82.79999999999993,82.79999999999993,82.79999999999993,1365.1800169643602,1564.508830045542,1441.9135447049357,1454.0041482036704,1599.277581768557,1394.014570917671,1363.846596358733,1354.62353868492,1565.635792858559,1519.0379148899378,0.4649666562850755,0.45016779515176714,0.5088521450149454,0.46384139631749965,0.47999683504320584,0.5330602067767619,0.4923604284568869,0.5200476778256269,0.5066068112367625,0.48255113871798505,0,0,0,0,0,0
2026-02-13 16:43:51.852,MOVING_UP,84.59999999999992,84.59999999999992,84.59999999999992,1449.6581859174387,1559.703938516384,1360.9025081644847,1421.9472748935405,1388.0358479158608,1396.407040525145,1362.0462040129023,1515.7409595108884,1581.9644113821369,1519.4136618302214,0.4804849974793343,0.5014061397307488,0.4972802611168047,0.4720831518081741,0.4645640584296573,0.4520581812128748,0.523729270867378,0.5256284439508861,0.4969793720931818,0.49568685440785987,0,0,0,0,0,0
2026-02-13 16:43:51.962,MOVING_UP,86.39999999999992,86.39999999999992,86.39999999999992,1576.0367498770977,1392.841967688907,1545.8905156907924,1532.8293679542383,1429.8730594360227,1357.5018539287382,1642.0657822658636,1642.7469791464512,1442.8709148094422,1415.9033421738166,0.5170306581058668,0.5289126798869531,0.5080298910861469,0.48166594555778136,0.5042677388901197,0.4891821558870234,0.4501826493697985,0.5038735726894097,0.5185841703374405,0.5127265507999089,0,0,0,0,0,0
2026-02-13 16:43:52.071,MOVING_UP,88.19999999999992,88.19999999999992,88.19999999999992,1506.649942747924,1426.0120575486192,1565.6286771456746,1557.9986909624668,1549.715438978426,1479.881050421013,1433.2058880401266,1400.3323021909046,1595.1510471547099,1517.7704543440166,0.4808271077760709,0.48707865912877735,0.4503380011852277,0.5330951933619417,0.4911715452179895,0.4691044137956382,0.4613598382300844,0.5410091787741861,0.47254043103063126,0.5391846315453512,0,0,0,0,0,0
2026-02-13 16:43:52.179,MOVING_UP,89.99999999999991,89.99999999999991,89.99999999999991,1539.7354169731104,1453.5453072430155,1595.699867851301,1598.8809916817709,1620.3251497994797,1464.0714826729206,1586.5954564472245,1363.6506500447958,1526.0092344324398,1635.9112818452857,0.5045633450830419,0.5154426733478644,0.5174798819369335,0.45246409858879283,0.4802811328755695,0.5452914199168131,0.49724198256218044,0.48455447832140564,0.5299842785269738,0.46777738166519234,0,0,0,0,0,0
2026-02-13 16:43:52.289,UPLOCKED,90.0,90.0,90.0,1436.4780048770244,1606.5695371838037,1435.5467952380598,1458.673528476985,1538.188697215409,1355.0383386582985,1355.804395725822,1482.219257230466,1488.5781597633454,1571.4598488771587,0.49558995533712447,0.4872723553526467,0.4580354068132194,0.4644115849683276,0.4682878499589729,0.4996614797355455,0.5252451003368845,0.4724469443766254,0.532055038179049,0.505564338592942,0,1,0,1,0,1
2026-02-13 16:43:52.397,UPLOCKED,90.0,90.0,90.0,1486.5160811292828,1524.0867494977635,1569.198225086145,1432.5797143554644,1435.7413796495175,1544.0375231924565,1587.3267810004297,1528.6045457948233,1487.6549789207072,1454.404028968274,0.5493103135872951,0.49338808977512333,0.5354203779802874,0.531954847765665,0.5371671727198597,0.4669710581421977,0.4632371312578841,0.5066295234233583,0.4747448144726178,0.5349677893306767,0,1,0,1,0,1
2026-02-13 16:43:52.505,UPLOCKED,90.0,90.0,90.0,1387.0694640732154,1389.847714461603,1384.4576438914683,1561.3658301292849,1512.107714723128,1647.9315461905112,1643.0898942325248,1372.0437523823516,1409.6182591915322,1379.6303111956727,0.5325675177559369,0.5406631232752996,0.4817721447892621,0.5414965582813974,0.5232090344647579,0.4828157045002913,0.4532265195639683,0.5486822628979825,0.4688861882738008,0.4794269892355092,0,1,0,1,0,1
2026-02-13 16:43:52.615,UPLOCKED,90.0,90.0,90.0,1437.643624682196,1568.5847039041569,1542.2733056059294,1572.7116345697375,1362.1549194633383,1634.5541575165103,1632.8713240937045,1595.8721311175264,1629.9089824326709,1636.1673880092492,0.5070295590578362,0.5378826554423177,0.5010153596502904,0.5052164835142843,0.5052915162273177,0.4852738976986137,0.4917439368587091,0.48154091539709926,0.4726978737937706,0.5329365111730524,0,1,0,1,0,1
2026-02-13 16:43:52.725,UPLOCKED,90.0,90.0,90.0,1585.200595292491,1581.5639557109755,1427.7415883921083,1629.3176313021984,1376.7884690320366,1443.216229960026,1371.898814779787,1369.5224215537912,1480.8757568952972,1637.8979520894923,0.5402476340821905,0.5017275943497221,0.4600159128206556,0.4716983919088679,0.5272601886381434,0.5302212055224652,0.4985285341706236,0.5367243128952818,0.5481219754635488,0.5310287799376701,0,1,0,1,0,1
2026-02-13 16:43:52.833,UPLOCKED,90.0,90.0,90.0,1645.1041802687807,1404.1962409909686,1566.0192697255875,1648.7062507672058,1521.589547173044,1569.7997029466421,1627.00463802134,1386.278297582019,1356.4448121788635,1468.3473153232355,0.49557178741741226,0.48181611107596595,0.5437927641812945,0.5017383395488816,0.4666096766283568,0.510623805592589,0.46466587562517253,0.4997603139141508,0.5092986900468841,0.5347757539749936,0,1,0,1,0,1
2026-02-13 16:43:52.944,UPLOCKED,90.0,90.0,90.0,1375.8706905043018,1373.9962354395227,1367.153199015607,1350.9474563961776,1401.6310801894185,1408.2040912914129,1571.4235519458496,1623.2549297527269,1502.773079313942,1586.3016779647667,0.54602752871211,0.5321760574683064,0.516642405991923,0.493056385518696,0.485864091917341,0.498196630696663,0.47386872619079784,0.5169097772315181,0.47981392965407343,0.492683363613411,0,1,0,1,0,1
2026-02-13 16:43:53.054,UPLOCKED,90.0,90.0,90.0,1422.4496022630874,1483.2779757357205,1558.0569308652966,1373.4731629052364,1622.6911802008378,1517.9897738771042,1637.3888038373466,1569.7264113762799,1592.083192759224,1552.235418464756,0.5321254258900012,0.526173498689879,0.5320734646872638,0.47924682922986633,0.5124751772903071,0.5309426982554798,0.4935185369378848,0.45388672000870106,0.5411628700752242,0.46369327216988904,0,1,0,1,0,1
2026-02-13 16:43:53.163,UPLOCKED,90.0,90.0,90.0,1459.7419484033448,1426.0476525102877,1376.6800900329797,1608.8950427479092,1357.9498660192367,1409.1996805929234,1643.999821575419,1547.211220961173,1520.057436569842,1647.3654551639206,0.5218589492475044,0.5289271896329325,0.5237141812414525,0.5057469392477039,0.5098292127075953,0.48080963261972826,0.4990607321737536,0.4566703775028637,0.5256164631414884,0.4621166131630615,0,1,0,1,0,1
2026-02-13 16:43:53.271,UPLOCKED,90.0,90.0,90.0,1375.2670236008496,1490.9694894071783,1527.2920024446496,1605.7044433245408,1486.791434558191,1414.0185003109002,1561.2798441616553,1500.8039279966774,1434.8401127392356,1519.919007797915,0.4591535564780843,0.48390741093921724,0.5012521082744584,0.45673078856452776,0.5342027770140843,0.49261284754982465,0.4867841370827782,0.49513923938846666,0.4781586449046045,0.5294973487937824,0,1,0,1,0,1
2026-02-13 16:43:53.380,UPLOCKED,90.0,90.0,90.0,1390.4075272586315,1395.583469421582,1502.701107179191,1404.0172959168115,1466.1778379301402,1393.6972243719474,1549.0588209483312,1519.4659853248331,1547.8511769057695,1443.3082065645403,0.5474478479816148,0.49111906258478477,0.5339050346126749,0.5293271870235828,0.45066556682970293,0.5329257690959592,0.5250623754843272,0.5037725515865084,0.4731880837675051,0.5045870860018685,0,1,0,1,0,1
2026-02-13 16:43:53.490,UPLOCKED,90.0,90.0,90.0,1465.1253291542264,1590.1181795712462,1353.1104663899666,1646.999572846011,1483.7381425495848,1637.9939409257995,1397.8553155234847,1595.5975536155995,1532.0688823014302,1408.3225494084645,0.5165841281485177,0.4704981316579956,0.5364192007201485,0.49611778011682517,0.485866882305959,0.47995689928837926,0.4651180928600061,0.4651405235408121,0.4660036973889148,0.46675820585591865,0,1,0,1,0,1
2026-02-13 16:43:53.599,UPLOCKED,90.0,90.0,90.0,1605.7554015852272,1404.8409360952078,1451.4640322462565,1406.2808993376184,1416.547271521845,1649.4871067321847,1398.8117735843907,1573.4690588052656,1461.9300864092672,1566.4955320884233,0.4707332237170703,0.5437304088101785,0.5218864936698393,0.517479283472694,0.4538108581431672,0.4845864020098862,0.5161141481952867,0.46504919157266134,0.4925294052378999,0.5153872558443895,0,1,0,1,0,1
2026-02-13 16:43:53.709,UPLOCKED,90.0,90.0,90.0,1594.9122908746585,1365.152304094029,1647.997881283562,1479.782782067615,1414.3880021532111,1434.1904163923914,1555.2068821703879,1401.4950441889664,1379.827409788713,1399.3445709099806,0.48488975514065413,0.5453772909566138,0.4922063116617356,0.5300385868353839,0.48441205547415755,0.4896987777284692,0.4869473340967806,0.5399809444052718,0.48138323884010165,0.5345358395089871,0,1,0,1,0,1
2026-02-13 16:43:53.821,UPLOCKED,90.0,90.0,90.0,1517.589233394978,1388.693860510476,1537.6076780107899,1361.1739589002834,1495.8142331160627,1513.5335527024356,1396.4305887902842,1612.0974236243644,1383.584785307974,1491.7076928210786,0.4750513436901834,0.46175739336317095,0.48815269940147743,0.5080121712631317,0.5034426457161387,0.4573328611268042,0.5349303957752806,0.512177487935065,0.49346872542368275,0.4977491058026248,0,1,0,1,0,1
2026-02-13 16:43:53.930,UPLOCKED,90.0,90.0,90.0,1462.288321703086,1612.2187526062405,1378.5573767253204,1490.9415706281695,1450.0482097259928,1491.6662503147195,1606.5608361378222,1552.4474833760485,1621.404406853157,1414.4595431967914,0.5373237718055359,0.4907395359861603,0.549105833543873,0.4562994291201295,0.5392752277462811,0.5194166146929794,0.48258054522298394,0.5082916140505442,0.5327411619582738,0.5068137781598158,0,1,0,1,0,1
2026-02-13 16:43:54.040,UPLOCKED,90.0,90.0,90.0,1387.7663521741872,1381.5885337108105,1634.2653457261206,1606.1570671072068,1575.8028697500765,1445.7032145857345,1508.8797434025998,1387.072075948126,1364.5115673501878,1387.9644178186336,0.49790351609698996,0.45222221400406604,0.5160453302194473,0.5110328926463966,0.49232193041108213,0.5434445665852983,0.4523579409161469,0.4583037842994755,0.4673292371607888,0.4608536006050019,0,1,0,1,0,1
2026-02-13 16:43:54.147,UPLOCKED,90.0,90.0,90.0,1405.0495252293383,1399.0848282190188,1523.2280691737046,1472.8225723124642,1362.7691664480712,1421.5227332371949,1548.7742934444557,1637.6086538492002,1407.3927831368123,1620.033817242585,0.5153228571156107,0.4625665423713836,0.4825691020787043,0.5305933299086903,0.5363634414275112,0.5308042375615211,0.4735494870496446,0.5282239415630253,0.48607059385378576,0.5459072253228953,0,1,0,1,0,1
2026-02-13 16:43:54.256,UPLOCKED,90.0,90.0,90.0,1571.336349136986,1491.5828038601726,1356.9885365134073,1566.956493651405,1608.2188425238262,1534.0888316350222,1602.530416097391,1470.454180818823,1507.362008119743,1447.8763521937894,0.5406717522048273,0.5355306581507402,0.5180009142305224,0.4764455902578844,0.4644025773007058,0.47040549650875196,0.5081963622791758,0.5429917366576215,0.5267703936912493,0.5121356956912695,0,1,0,1,0,1
2026-02-13 16:43:54.363,UPLOCKED,90.0,90.0,90.0,1619.0286484068392,1559.6880455606554,1414.3852996733785,1477.4576748302416,1476.723536871198,1372.0404968125392,1573.26843298354,1404.897880984749,1479.0012841080895,1564.593047637422,0.5230616003812281,0.5154802989199332,0.4578872094434245,0.5221924745179802,0.45132179169722264,0.5463930340393471,0.46757035308365513,0.4967162322619126,0.4620048870033533,0.4906373240896274,0,1,0,1,0,1
2026-02-13 16:43:54.472,UPLOCKED,90.0,90.0,90.0,1505.927231297895,1575.3767281432786,1639.8801429789175,1405.2272612425572,1379.4043159519717,1464.5247319605076,1391.280104988806,1350.0656752632065,1398.0559801085521,1550.7690602747655,0.5391561021521158,0.49176303282822287,0.48835712447418805,0.49966333211627223,0.45093053161901947,0.5463042748022648,0.5097887801158599,0.4839470664327573,0.5156998393178736,0.5225824730897211,0,1,0,1,0,1
2026-02-13 16:43:54.580,UPLOCKED,90.0,90.0,90.0,1441.7686419768536,1366.1128616254712,1409.521730861554,1586.2770666283175,1475.1448755487254,1583.2647468530238,1418.4774937887319,1519.7264915332178,1630.6772367689332,1438.3603978859855,0.45183002858830257,0.5479762559319323,0.4543446413312944,0.4574660705798113,0.5210305389097203,0.5103079861443841,0.4633818736282099,0.5315386693382425,0.46438761498912373,0.5274320959096734,0,1,0,1,0,1
2026-02-13 16:43:54.688,UPLOCKED,90.0,90.0,90.0,1626.7132431663374,1418.4710019143754,1599.7870555394404,1442.0643133318458,1378.8783811041467,1613.8849725407529,1603.3814149410462,1488.142074400725,1574.6888060016638,1372.1796550703039,0.49799999714810167,0.5079404927180976,0.5401586819403832,0.46618911475077124,0.4913853531483252,0.45501219948535937,0.5401665367647578,0.5200742199002459,0.4926772893318737,0.501623907865142,0,1,0,1,0,1
2026-02-13 16:43:54.799,UPLOCKED,90.0,90.0,90.0,1412.815082670623,1584.445201523964,1459.4265351316615,1368.609220284159,1639.4546343610034,1393.885406675984,1498.5191400144165,1480.821835085528,1499.7969944077627,1401.6355598939895,0.48406397352841385,0.47366951033471355,0.5122219163171005,0.5254274859034568,0.4787318844556282,0.4868208267379805,0.4870125479806603,0.4938525571397395,0.5480161727997278,0.4880612179517149,0,1,0,1,0,1
2026-02-13 16:43:54.908,UPLOCKED,90.0,90.0,90.0,1384.8871920615463,1420.5255429811957,1498.3459188491966,1461.7028832421042,1372.764872173288,1452.717733263843,1376.457329076401,1587.8233696636353,1461.9120338967023,1360.349352566518,0.4889555554710139,0.4711312812475992,0.537619392869777,0.5404790380582637,0.4779074235703743,0.46121046632680157,0.5095615632879585,0.5034415661902827,0.4821451034249131,0.49828852705819626,0,1,0,1,0,1
2026-02-13 16:43:55.017,UPLOCKED,90.0,90.0,90.0,1476.9483752344674,1447.7115437070781,1514.631364685766,1351.9428014173018,1552.877578754266,1465.8553139329715,1534.4259791383085,1355.3306129204143,1487.3270093244153,1449.0649881600086,0.4525274556088798,0.5158394676110527,0.4601062752853472,0.4823389110974365,0.47413439797264767,0.4508439957978593,0.4645925135590617,0.47302352158773653,0.5098851162727651,0.4919443349089144,0,1,0,1,0,1
2026-02-13 16:43:55.128,UPLOCKED,90.0,90.0,90.0,1601.0852136724056,1407.0239018098976,1618.229671970092,1484.5115222620484,1604.1861553347903,1601.2353125270329,1401.3525512745687,1649.5504514017343,1409.2831469731775,1462.0075413760005,0.5110604287116381,0.47941382426970425,0.4900971761724926,0.470724737835909,0.5299027420337405,0.4575241272101035,0.5380062789312949,0.5336217824236795,0.4752787368223521,0.5407680574712098,0,1,0,1,0,1
2026-02-13 16:43:55.236,UPLOCKED,90.0,90.0,90.0,1528.0102892563996,1493.861199743222,1442.916361751848,1557.35357595738,1598.0040952427871,1461.1202072926446,1630.7149852243579,1365.6409212658866,1450.4861560663353,1446.4432101216769,0.4582447253387757,0.5335304706761256,0.5383692644572057,0.4731073311678394,0.511347925792689,0.45147059068703965,0.4664785260138157,0.5272614906196637,0.45205850367141887,0.485110374188319,0,1,0,1,0,1
2026-02-13 16:43:55.346,UPLOCKED,90.0,90.0,90.0,1528.4257877769187,1608.7571369625546,1542.186514011788,1397.9522308041483,1454.1801643573108,1615.885331020692,1447.7169633122335,1620.3801297485286,1398.4148159065335,1464.8989485606353,0.5041646584206644,0.49210298099991373,0.5010516615992513,0.505095031772091,0.4605656809429279,0.4841158615634213,0.5053929465188077,0.4526017457433997,0.5325278256817558,0.47890116393684,0,1,0,1,0,1
2026-02-13 16:43:55.453,UPLOCKED,90.0,90.0,90.0,1459.6537752460515,1495.2617940153382,1618.6875380845097,1461.1416227402856,1478.872874067403,1639.0653057413708,1485.5871874055272,1573.2139776596316,1596.4776875998061,1451.531996960452,0.48387316509652684,0.5361948088871649,0.4586469676166137,0.5251924243481855,0.514055656394819,0.5163381950039128,0.5013213935405709,0.45507707958383986,0.4854148734061183,0.5107540776690446,0,1,0,1,0,1
2026-02-13 16:43:55.561,UPLOCKED,90.0,90.0,90.0,1388.099561541885,1485.365145081351,1512.855368987127,1534.5989931238287,1544.0144774358844,1635.5348596208075,1489.6930353988432,1357.732290356106,1609.0170282846366,1474.6554843978433,0.5006930278573059,0.4790095152095119,0.5310901440721951,0.49849544073599533,0.4660919903982958,0.5474495253451265,0.5347484212902395,0.5434154967619109,0.4581273090740128,0.5300037840947696,0,1,0,1,0,1
2026-02-13 16:43:55.671,UPLOCKED,90.0,90.0,90.0,1391.026959742883,1369.8156838710904,1355.101410532677,1464.9657051983347,1354.8247854410215,1473.0169631690987,1555.4775432857168,1502.0700628241664,1417.3332007105355,1616.9942736505573,0.47257113792822886,0.49673893935126756,0.47128316040752805,0.4880402660785275,0.542058239270076,0.48748265105270294,0.45963170677521265,0.4842980812025692,0.5380901965633687,0.4999468060666506,0,1,0,1,0,1
2026-02-13 16:43:55.781,UPLOCKED,90.0,90.0,90.0,1455.2441182917241,1629.4853389781797,1636.7766646699095,1441.5366652658774,1392.9787988373084,1644.1363021830632,1504.1212408966526,1374.5242986264589,1461.8620510572964,1574.1522900217108,0.49352901170393504,0.5134961683896324,0.5047204239466518,0.5173231413560172,0.4727940366318517,0.5317086720252504,0.4917632171796902,0.45901089777741766,0.4776014445878299,0.48622772067769576,0,1,0,1,0,1
2026-02-13 16:43:55.889,UPLOCKED,90.0,90.0,90.0,1572.2817630193654,1399.6868835680445,1455.9202038140425,1599.171166729756,1600.7754983460045,1594.1925476725758,1400.5627722168974,1361.9610326671866,1565.5213431098568,1510.8463249209615,0.4749591075761079,0.5234989731184414,0.4900579675358629,0.5149406335616212,0.549751650861121,0.47715280055254494,0.5298609346586407,0.5483156770550888,0.5112780621216149,0.4770302021116932,0,1,0,1,0,1
2026-02-13 16:43:55.998,UPLOCKED,90.0,90.0,90.0,1622.266438703537,1569.8025433953592,1578.7795313371607,1506.3780565156485,1503.7479509301886,1465.1949089958707,1541.0998588858006,1447.6494220765292,1493.7992539679387,1448.9940081386976,0.48581847292863173,0.543486420161206,0.5404249357157165,0.50757430422004,0.483320870464933,0.5387537418386354,0.4838594176808528,0.4782271432241603,0.4779290058684811,0.4680183548615905,0,1,0,1,0,1
2026-02-13 16:43:56.120,UPLOCKED,90.0,90.0,90.0,1369.5225907735078,1383.1878400664236,1570.4224446778226,1641.0126340247123,1355.3669207661183,1451.6913662650609,1476.0810606623495,1584.9275521235231,1452.4338392806571,1548.7768763089196,0.5123456736618823,0.4711989735385203,0.4641908120046376,0.546620926444552,0.5394555918130355,0.5394226800860221,0.46659365690277166,0.5373802810337691,0.485868709216363,0.5322324636717439,0,1,0,1,0,1
2026-02-13 16:43:56.228,UPLOCKED,90.0,90.0,90.0,1588.6586119042145,1619.382129118187,1413.0669211235324,1614.8776916994423,1486.1524797450716,1648.8858832587448,1426.9782912285523,1447.7527224734908,1526.2654691269433,1559.1549505612788,0.45470723850895195,0.5414198510809118,0.45887850504024386,0.4524671518256189,0.5285686619123462,0.5496540897812192,0.5490790728264536,0.4604084921553237,0.5450107693235077,0.4571218668844077,0,1,0,1,0,1
2026-02-13 16:43:56.337,UPLOCKED,90.0,90.0,90.0,1506.8287914263078,1448.0129489863905,1565.7068913981036,1381.3797871888007,1541.5944662274328,1471.159321580289,1400.1753130404775,1509.3261110808357,1469.5785887626512,1475.3146490319173,0.45422352456781545,0.47769201331372796,0.4597081059602912,0.4530911281513209,0.47558778813012104,0.5120800669472122,0.4841687014772189,0.4983284640342449,0.46555796621547324,0.47312937492500867,0,1,0,1,0,1
2026-02-13 16:43:56.444,UPLOCKED,90.0,90.0,90.0,1563.7853939545769,1456.6169412941526,1487.3304893170307,1561.2946780534735,1610.752736156663,1585.8481763903444,1607.3894132619675,1398.8337649661023,1381.9201102128675,1474.3219059676237,0.4680656777725879,0.5426202270275483,0.5471821210607127,0.5037725412102972,0.47675328094957325,0.5490518463558307,0.48730741420324486,0.5417580001693991,0.5379730365034586,0.5172965049554692,0,1,0,1,0,1
2026-02-13 16:43:56.554,UPLOCKED,90.0,90.0,90.0,1532.6418344678889,1359.169727423538,1462.8894957042316,1396.1221896265972,1365.1940579442344,1504.091855235784,1442.6018915926172,1561.3294531749775,1589.6480305329023,1601.4885316957543,0.5123759670984205,0.4793614280779191,0.4986620133265698,0.516604569216281,0.46561955316976356,0.5145758494048328,0.5349370964538561,0.4558965089646784,0.4700189918750487,0.45549992342506895,0,1,0,1,0,1
2026-02-13 16:43:56.662,UPLOCKED,90.0,90.0,90.0,1506.2635198426462,1521.1442752076503,1445.9985888064914,1450.5332340377902,1579.9202387134596,1548.2652811163252,1511.550790080929,1451.8758621583252,1604.2223215510649,1476.3352004125145,0.5463614159594771,0.47613680954893045,0.5270403573223015,0.461556817383979,0.4916811017692046,0.5245221826865375,0.5127261386363083,0.5134722408588434,0.4517602512526257,0.4937245462508865,0,1,0,1,0,1
2026-02-13 16:43:56.771,UPLOCKED,90.0,90.0,90.0,1356.041612391803,1581.157500452112,1471.9627002622149,1581.9394183982527,1571.603082802652,1530.5414900616347,1617.7905954769767,1643.0068956142022,1467.3531301633222,1380.8553913983048,0.4512297182913938,0.4938083587021595,0.4920940158847648,0.5032644268304821,0.5148857672314905,0.5389058177692978,0.510237350421383,0.531881382571192,0.469794692734146,0.5255482535856193,0,1,0,1,0,1
2026-02-13 16:43:56.880,UPLOCKED,90.0,90.0,90.0,1473.5571189366356,1609.8873547894723,1357.2621094586536,1372.7662288344495,1375.274535439701,1569.2118184618218,1545.261235462329,1641.6335339943164,1509.8963104267837,1410.6051323991867,0.4559171977238561,0.5208562042932207,0.5475020426999306,0.4616069641750496,0.5261178695310502,0.5213496872148169,0.46066992186436106,0.5020558630761537,0.5427691140718512,0.5489630341810123,0,1,0,1,0,1
2026-02-13 16:43:56.988,UPLOCKED,90.0,90.0,90.0,1467.6621891074162,1583.4528920710763,1596.4769070229795,1372.5272630344346,1593.1131413966298,1497.8528053967248,1407.7625719798755,1525.262162286206,1470.0491181803893,1633.3853402708091,0.47935444796619764,0.5471613989411918,0.5471603814764002,0.5496140156701399,0.5037719521891499,0.4797804723587564,0.5124156372911585,0.5122084384708021,0.5048365453203165,0.46571771713288174,0,1,0,1,0,1
2026-02-13 16:43:57.096,UPLOCKED,90.0,90.0,90.0,1491.008038265787,1569.2255933505635,1572.0524955598003,1445.6045742626773,1517.402325962627,1480.1304287003195,1389.1407149720528,1372.7197375700055,1446.4243415066392,1555.971042809405,0.4791144460081012,0.4765629371856618,0.5061528176737906,0.49523124688486153,0.46849366714287577,0.46324145060984007,0.5028999237260667,0.5050681246018534,0.46913355962339254,0.49166288807902997,0,1,0,1,0,1
2026-02-13 16:43:57.206,UPLOCKED,90.0,90.0,90.0,1474.60685895296,1427.086554003739,1434.2376320445117,1526.4597213156326,1599.3117781606588,1626.0951337193328,1460.65901881525,1632.4608548095339,1533.6440172983919,1420.3544305053124,0.5194618718156638,0.4737234794560075,0.47124082288118785,0.48295184900459714,0.5161109608056186,0.5011785051625834,0.46656753007183094,0.45965747071392343,0.5094974861715733,0.46075083342056233,0,1,0,1,0,1
2026-02-13 16:43:57.313,UPLOCKED,90.0,90.0,90.0,1480.2667536311908,1356.5142744829986,1630.6645680748368,1537.8398431764242,1519.1641866384716,1467.346368890247,1607.7652985891668,1365.186979933077,1644.990710897734,1649.9995184017896,0.521338843001752,0.4752014255767692,0.5310743025095209,0.5362150779544879,0.5091118816667319,0.5036479374440436,0.49131512130304594,0.5056799028965887,0.5033225707725394,0.4941266462545981,0,1,0,1,0,1
2026-02-13 16:43:57.422,UPLOCKED,90.0,90.0,90.0,1390.7856886385648,1598.6069770027498,1504.5104880165447,1488.343897505718,1503.124662005931,1486.910963359793,1436.7991561754657,1456.4870188512382,1608.8805921580374,1362.680427732798,0.4954347358150613,0.5409273526822367,0.5018071590419639,0.46145641782801844,0.47198068538687604,0.49111513422226777,0.471013870327694,0.5124873628472059,0.4786217707306427,0.46531709535095644,0,1,0,1,0,1
2026-02-13 16:43:57.530,UPLOCKED,90.0,90.0,90.0,1381.605749486575,1601.6528932846202,1570.7496582150193,1441.043588938564,1450.9226023204797,1458.3918645451504,1622.713698993975,1375.9389431613508,1634.9915540066045,1601.18960682364,0.5285650038570437,0.5359526663725268,0.4850549077701839,0.4581419973778436,0.49565366503422653,0.521157433171773,0.466454339864945,0.543855673851166,0.5378792656954994,0.4975330978396744,0,1,0,1,0,1
2026-02-13 16:43:57.639,UPLOCKED,90.0,90.0,90.0,1624.3935907589996,1547.038888939836,1473.0042897129506,1636.1478959247806,1606.4171215874305,1350.0503183946732,1477.286221258757,1603.6993584897239,1591.7327610969203,1435.7320978180505,0.48499305905837603,0.5420567362189137,0.4664442495699923,0.5026444445440327,0.4821219975886091,0.4537279922382527,0.49474924610728227,0.4866869355192124,0.5380416454724154,0.50041667407348,0,1,0,1,0,1
2026-02-13 16:43:57.761,UPLOCKED,90.0,90.0,90.0,1352.4609962964012,1438.3824775815212,1611.696319564106,1603.3454551224668,1353.3003577182553,1370.2336776438167,1647.7947586222708,1557.87815978343,1563.9263257762398,1586.3731859166935,0.5372696891840643,0.4632249533227914,0.49918453227454357,0.4610021509346644,0.4740052793618887,0.49232153371595616,0.5381660613118866,0.46384639582461806,0.4892684907994355,0.4842392164725876,0,1,0,1,0,1
2026-02-13 16:43:57.857,MOVING_DOWN,90.0,90.0,90.0,1541.3523796583788,1598.1386312268162,1617.4864043886444,1512.6579053976218,1527.0427700517102,1371.9021213986266,1495.1907224725508,1416.9690063670164,1537.844779483954,1601.916018524026,0.4969487019992536,0.5228310102100502,0.4837355161508907,0.509709210435571,0.4692644026349526,0.5239075332731781,0.5318216896619987,0.524704552316946,0.5023287429495814,0.5011073235127597,0,0,0,0,0,0
2026-02-13 16:43:57.980,MOVING_DOWN,88.2,88.2,88.2,1630.4786544207943,1619.4527527916844,1571.0306470377964,1488.8805761275196,1365.9025245600706,1396.1807144879651,1524.0631327213507,1469.005521693553,1497.3463735706457,1409.2607569728907,0.49132752317636375,0.5018321555221255,0.5156274735256777,0.5200939376388909,0.5126046098825329,0.4914144654353638,0.5048315644734409,0.4613465822750927,0.5045523508048398,0.5416642201300774,0,0,0,0,0,0
2026-02-13 16:43:58.089,MOVING_DOWN,86.4,86.4,86.4,1398.0793013275857,1472.51643671343,1522.794770963193,1447.309577554549,1468.7205493641738,1408.8298227767382,1394.9116962298274,1453.4077910411734,1385.997817368262,1495.1749861879841,0.5496116266645112,0.5496280503350254,0.4862889328895662,0.5420165554830925,0.5420074006067729,0.5147810100029712,0.5333958302345909,0.5387614001726241,0.503351857693962,0.4932381964848774,0,0,0,0,0,0
2026-02-13 16:43:58.184,MOVING_DOWN,84.60000000000001,84.60000000000001,84.60000000000001,1646.805415949394,1578.4325085681332,1620.2876768548838,1352.4444816695102,1641.0963273483617,1368.5614936385382,1600.061150361927,1588.1935440965483,1386.3326353258021,1577.9012678959123,0.5299283165178679,0.48879591825878055,0.5101239677017232,0.48130079450465457,0.4955919982577347,0.4802059328897824,0.4589516388257011,0.5204484338349571,0.522338879431201,0.5037738249528115,0,0,0,0,0,0
2026-02-13 16:43:58.294,MOVING_DOWN,82.80000000000001,82.80000000000001,82.80000000000001,1633.1639358286711,1485.3640573938642,1353.7292172730045,1502.7148165259403,1409.6922232359223,1640.1647255709227,1388.8147915382424,1621.4915153006827,1642.930482825449,1559.6504900044044,0.4863998432802496,0.5348870801132263,0.49940526057664697,0.46626332382722374,0.5452391904780334,0.5101953389037662,0.532956354038478,0.5001990619618466,0.4722326780697646,0.4759961623464334,0,0,0,0,0,0
2026-02-13 16:43:58.402,MOVING_DOWN,81.00000000000001,81.00000000000001,81.00000000000001,1549.016256672354,1597.6599369113374,1555.404857796835,1540.0302548027103,1592.7488741356963,1468.7143550706553,1418.2903980053995,1412.200208979653,1603.735680233548,1560.0329045875992,0.524100470250962,0.5440747491680076,0.46532008132652414,0.5226050418591656,0.46247644976320057,0.5053318129075538,0.4731410225554266,0.505785742040016,0.5397051573515229,0.454274601859841,0,0,0,0,0,0
2026-02-13 16:43:58.513,MOVING_DOWN,79.20000000000002,79.20000000000002,79.20000000000002,1519.4768381224146,1448.5758234505658,1556.5451482325545,1631.8114408035617,1577.0384370787983,1379.4565065252232,1649.3400921941616,1626.678046505282,1442.2508288080803,1628.1115054871689,0.4510455253429758,0.5210151337465468,0.5149919205172045,0.5296827553156279,0.5205940143326805,0.4559635672934831,0.5079669135229262,0.4627952876522084,0.5044496953987748,0.48555102792311083,0,0,0,0,0,0
2026-02-13 16:43:58.622,MOVING_DOWN,77.40000000000002,77.40000000000002,77.40000000000002,1468.9086639411162,1463.380918643095,1404.8187953317831,1436.7506469843174,1602.8700370104161,1597.7225066732206,1571.1370478980461,1460.1043800263224,1620.004920677827,1461.547361549938,0.4577651087866087,0.5389358774959063,0.46856331418300395,0.4713446346321058,0.4888498548182929,0.49322841645677273,0.5451380617878006,0.528426877269151,0.4606049327627334,0.515089047876205,0,0,0,0,0,0
2026-02-13 16:43:58.745,MOVING_DOWN,75.60000000000002,75.60000000000002,75.60000000000002,1591.7763146712023,1517.0750771769412,1483.130498346231,1466.9154690149414,1363.2461113535576,1375.6180735900468,1491.346546829649,1593.846570620591,1386.3547753126832,1635.4243836189614,0.4893625400657339,0.4718033907552585,0.47988184289137126,0.5347827109155416,0.5063174662842356,0.47116528227180005,0.5493813131278236,0.49781007888937057,0.5096727696149177,0.5477164987695036,0,0,0,0,0,0
2026-02-13 16:43:58.841,MOVING_DOWN,73.80000000000003,73.80000000000003,73.80000000000003,1541.1903337240217,1574.9286816800382,1460.4532504441504,1404.9574612751085,1554.7696496662645,1605.7771073693575,1642.2854353490347,1638.6834748226183,1598.3742318747616,1359.5465321362992,0.4932642979907352,0.4607935968520971,0.5208698737333817,0.47656321239497873,0.45282210961071,0.5273744888238358,0.46147968691741653,0.4962025835121657,0.5461249026684742,0.4727404586844992,0,0,0,0,0,0
2026-02-13 16:43:58.964,MOVING_DOWN,72.00000000000003,72.00000000000003,72.00000000000003,1419.578267197892,1494.440695958376,1476.2481569270471,1590.7156369791012,1367.9198155531878,1547.449741419758,1359.6523199874155,1485.240057865993,1608.3354968261754,1609.3177032283897,0.5073741543537366,0.45210811399962214,0.514757051587536,0.4588634630991249,0.5195275247638542,0.4791015983148554,0.5069319516964721,0.507429967923846,0.531934655622101,0.5116521673690873,0,0,0,0,0,0
2026-02-13 16:43:59.073,MOVING_DOWN,70.20000000000003,70.20000000000003,70.20000000000003,1435.9057728154212,1574.9208028776181,1576.9983734842147,1463.629132706474,1380.9705325670577,1597.8390488776759,1436.2376796533085,1600.7948156238,1641.9454785003459,1639.758517568337,0.5206843460172804,0.45465638211948584,0.5064996999391779,0.5020637609606202,0.4828857112708926,0.53572575455555,0.5376491419348932,0.4879070089233698,0.4707772595718022,0.5010967838994185,0,0,0,0,0,0
2026-02-13 16:43:59.183,MOVING_DOWN,68.40000000000003,68.40000000000003,68.40000000000003,1494.1037435874434,1575.4199321086667,1413.2005080350589,1484.692000153885,1481.9347200721825,1527.580760643519,1564.645512824829,1435.8700884730304,1445.9428227511219,1473.3416206941656,0.5357353590447393,0.49024255537516126,0.49948751553826587,0.5016048359413415,0.5261281796353235,0.4575483939004039,0.524530145575181,0.5306473269369215,0.5304972956946868,0.5085554021146985,0,0,0,0,0,0
2026-02-13 16:43:59.293,MOVING_DOWN,66.60000000000004,66.60000000000004,66.60000000000004,1603.3515930529363,1543.6026351517853,1441.8439556046962,1457.3543140915122,1489.8130363721395,1628.4092611789883,1526.545359633435,1634.1787856369278,1443.078032888358,1380.0088804878933,0.47223641275124395,0.5012572087753033,0.47516972644874256,0.5018318779721223,0.48791709602183436,0.4600647764503104,0.4807460315997413,0.5139155606470195,0.4647299034728986,0.4894063860683799,0,0,0,0,0,0
2026-02-13 16:43:59.401,MOVING_DOWN,64.80000000000004,64.80000000000004,64.80000000000004,1368.080348869371,1430.9886401014035,1384.228866162738,1444.7572724563677,1611.7750254850496,1541.835353719504,1482.2409806153266,1425.3787816036024,1595.2028101154078,1475.7932365989554,0.4679672666415054,0.5212830253487112,0.5289397227584555,0.5353085439236077,0.530907082094256,0.5453153314067567,0.49547307407689617,0.515812518862435,0.5402379003262924,0.5482661380246975,0,0,0,0,0,0
2026-02-13 16:43:59.511,MOVING_DOWN,63.00000000000004,63.00000000000004,63.00000000000004,1392.0772973765556,1477.2596978887937,1419.5552394404642,1496.564165940916,1537.3394553368964,1474.6055054093592,1462.223538993408,1383.5405789095948,1396.9149657293758,1523.1567416002613,0.5069596776145205,0.5352663407336029,0.54703128481243,0.5132194989426874,0.5336283956754015,0.501537495261849,0.5467539062455565,0.5492732427280187,0.5288594253528414,0.47103178008382135,0,0,0,0,0,0
2026-02-13 16:43:59.620,MOVING_DOWN,61.200000000000045,61.200000000000045,61.200000000000045,1364.4039533035966,1391.0794442229312,1453.4627073172087,1383.4345548176414,1350.1727903405526,1571.211435475073,1568.3120725948274,1645.1679450997617,1502.0354573598288,1504.391256855374,0.5032846557110289,0.5083046483235611,0.5195680334466553,0.4782450130372175,0.5094149309279835,0.4500662164413762,0.45847646269503034,0.4572588111053417,0.4566586071494668,0.4806234682973272,0,0,0,0,0,0
2026-02-13 16:43:59.730,MOVING_DOWN,59.40000000000005,59.40000000000005,59.40000000000005,1588.5166947332864,1403.6159626824642,1422.7816203481307,1414.9355475006935,1395.7463870895665,1405.7875271026824,1359.1490123117826,1478.9828583958074,1599.4103779830095,1478.0164784670926,0.5220624399511365,0.47447507830551133,0.4562072809677296,0.530594958103148,0.5456501684692878,0.5189771803301765,0.46993287933100203,0.5253508098702901,0.47228511293488634,0.5044706044216571,0,0,0,0,0,0
2026-02-13 16:43:59.838,MOVING_DOWN,57.60000000000005,57.60000000000005,57.60000000000005,1530.3381930418489,1523.7198791021715,1622.099606950499,1493.0832268575193,1369.1389047068226,1574.5342566969894,1530.1761522285665,1456.9942585089918,1620.8232204700746,1640.3568478833831,0.5048854300979831,0.48318454334545147,0.4894652412016266,0.490709289433669,0.5135223705048062,0.532406138391555,0.5220347071798433,0.5139185695670347,0.47212798822208907,0.48208931160109675,0,0,0,0,0,0
2026-02-13 16:43:59.947,MOVING_DOWN,55.800000000000054,55.800000000000054,55.800000000000054,1563.9937820107746,1378.9805526064617,1527.332025489409,1459.2471936314446,1596.9077003888417,1480.941007921708,1390.3924258891013,1600.789841331551,1376.7325120905273,1524.3257523765776,0.4545930307672972,0.5233727532477791,0.4975813239547841,0.4902300561652953,0.4986870090328488,0.4913713246388062,0.46281462480413943,0.5305784076036913,0.5421219970066131,0.5084653026904172,0,0,0,0,0,0
2026-02-13 16:44:00.056,MOVING_DOWN,54.00000000000006,54.00000000000006,54.00000000000006,1556.876735225735,1502.9099383546752,1536.8437716225803,1435.5588102384309,1491.6524208005342,1632.6873238603785,1436.913160666804,1528.2756862352994,1648.1738361002087,1356.7911845373733,0.4516396451971771,0.5193217767227625,0.5097499325960073,0.4935307607940007,0.4934527252255254,0.5081389026756968,0.46859027616482635,0.5401452397761938,0.472954011902814,0.5040764136976394,0,0,0,0,0,0
2026-02-13 16:44:00.162,MOVING_DOWN,52.20000000000006,52.20000000000006,52.20000000000006,1608.4058273052217,1594.2842058254785,1625.1448320516695,1448.5779988349248,1449.5596152249595,1513.2940919098796,1473.834840767055,1538.5296352993546,1421.345732649649,1616.0104521417136,0.4594141836603193,0.484629733196699,0.5005632335452598,0.4557838533624451,0.46573164495553226,0.4580859152916045,0.4666178788958021,0.4504585813767512,0.5208002028632417,0.4950001374992192,0,0,0,0,0,0
2026-02-13 16:44:00.271,MOVING_DOWN,50.40000000000006,50.40000000000006,50.40000000000006,1370.1003998723058,1559.357074925324,1562.4291847195034,1565.1147276882864,1450.7878147378613,1633.5835375390845,1399.1499318515107,1504.9552332372907,1640.72674001648,1406.986030922166,0.49803271588278436,0.46347502050230877,0.47797079093041106,0.4519929970758352,0.4654209317927313,0.5258728499317143,0.5348135026989572,0.5228335697714187,0.5014355351615039,0.5158103631786691,0,0,0,0,0,0
2026-02-13 16:44:00.381,MOVING_DOWN,48.600000000000065,48.600000000000065,48.600000000000065,1565.1552345812474,1499.7396571948643,1630.553204416509,1391.125926835347,1642.7276711092543,1525.8932623799822,1520.9766843388181,1442.7584985174833,1631.5975812875365,1438.0478713318312,0.49516422583555664,0.5231336270788265,0.5042797775716724,0.47520755984568436,0.47029278094995836,0.5271111460619746,0.47286961221537505,0.539081488983511,0.5060000491982318,0.47165550924833965,0,0,0,0,0,0
2026-02-13 16:44:00.491,MOVING_DOWN,46.80000000000007,46.80000000000007,46.80000000000007,1602.8010986246056,1396.5664913217329,1555.3046318275274,1356.330573557427,1570.9268981134912,1453.975956551833,1503.4527928715556,1553.5468143216328,1630.880269814174,1475.5431674038339,0.4902874103667529,0.5396568684055887,0.4734345197145756,0.48303711864970217,0.45712070325911414,0.4717788169465362,0.5201100920484321,0.45243468888034294,0.5080728961680403,0.5488264610504567,0,0,0,0,0,0
2026-02-13 16:44:00.598,MOVING_DOWN,45.00000000000007,45.00000000000007,45.00000000000007,1549.670807676137,1409.0368368634577,1429.0022116856285,1428.2013465584585,1352.5731062807351,1438.066610142585,1518.9737457001083,1627.3454438449398,1367.7327764966683,1552.9852984210029,0.46289163012627044,0.47937851140141163,0.4577731433247053,0.47848020117003615,0.4640131144521827,0.5187589994358508,0.5174623141820412,0.5125965973971672,0.4909057628467095,0.5101245440588211,0,0,0,0,0,0
2026-02-13 16:44:00.706,MOVING_DOWN,43.200000000000074,43.200000000000074,43.200000000000074,1538.5439665309111,1445.3688799565582,1511.8799992135096,1614.9613935915932,1490.5815312917362,1608.163945985393,1498.004044686512,1566.2425261331234,1569.6726149318538,1595.5460764687475,0.5177068341270242,0.5375108017233328,0.5363064724634536,0.5432843866578936,0.5095740294665614,0.488635430096226,0.47176781107219473,0.543008151149351,0.49901102238550715,0.45463474733274944,0,0,0,0,0,0
2026-02-13 16:44:00.816,MOVING_DOWN,41.40000000000008,41.40000000000008,41.40000000000008,1398.7042603540199,1573.9620704395702,1372.0344281597093,1439.347119198363,1607.081161017916,1443.4122169627287,1382.2090690937162,1510.6627836681146,1622.0746917015945,1451.5789484540164,0.548118686558535,0.5417830268586343,0.4569840437059477,0.5303412779608163,0.5419120153685695,0.5408925878462202,0.5015796652680243,0.5127501385867806,0.4624245077294962,0.48555995689939296,0,0,0,0,0,0
2026-02-13 16:44:00.926,MOVING_DOWN,39.60000000000008,39.60000000000008,39.60000000000008,1467.3112730025252,1500.7451901939974,1545.0022687773935,1502.6250241420353,1362.2387220090945,1543.0056985908586,1558.4475407220218,1594.2963728689244,1419.6981901576635,1450.4098777975373,0.5237360527195519,0.507116963540649,0.4750445313766024,0.5025055052811437,0.5397923509391557,0.505365291549469,0.520955161794947,0.4752696911299756,0.4878913484241352,0.486090735354849,0,0,0,0,0,0
2026-02-13 16:44:01.035,MOVING_DOWN,37.80000000000008,37.80000000000008,37.80000000000008,1350.3927563535667,1407.1018231056435,1526.16761740995,1540.8577467567018,1488.4478812502762,1625.8952472956298,1447.1197860733744,1631.0546708213997,1487.9898470544483,1399.1318579351303,0.5234352396927241,0.4516214715273278,0.49688922969282745,0.5426675160089038,0.5215878990987227,0.4884501813854427,0.4942507334334989,0.45969951951859217,0.5387815342836318,0.465603828759784,0,0,0,0,0,0
2026-02-13 16:44:01.144,MOVING_DOWN,36.000000000000085,36.000000000000085,36.000000000000085,1377.840733534314,1431.623853278575,1606.257214277636,1473.358668194312,1496.3088579522725,1580.3203793969967,1405.6502571615354,1616.764656551101,1480.3182398107401,1649.9666111515128,0.5049845660695422,0.5056218507851816,0.4503094964740118,0.5377257043216173,0.5246490787502773,0.48740709756258616,0.5370086779125776,0.4931051503733511,0.5442809382169373,0.5484856449138332,0,0,0,0,0,0
2026-02-13 16:44:01.254,MOVING_DOWN,34.20000000000009,34.20000000000009,34.20000000000009,1374.0144062570787,1471.2486226137785,1620.6998327077597,1558.4172302750608,1515.8856813086832,1582.9901750342678,1618.2116159454044,1489.1511123096054,1427.8372407409215,1649.525873792582,0.5083649335767386,0.5153596392440187,0.4539540550821885,0.5337183120959795,0.5353632875410256,0.48795459471270586,0.471669726939971,0.5318966601249032,0.5306408757517362,0.48552343457836333,0,0,0,0,0,0
2026-02-13 16:44:01.364,MOVING_DOWN,32.40000000000009,32.40000000000009,32.40000000000009,1649.076081121369,1606.3107966954801,1539.177835182394,1516.428785742903,1631.0046647465547,1452.1228334645004,1583.406590664562,1503.3836236328407,1408.5328305665157,1407.4032438461506,0.4715769625829608,0.5028623577855251,0.49840530426659474,0.5383032788187161,0.46494673315371104,0.5386088594819275,0.5118110883934692,0.48900849291739856,0.4780698540513163,0.5435006699905258,0,0,0,0,0,0
2026-02-13 16:44:01.472,MOVING_DOWN,30.60000000000009,30.60000000000009,30.60000000000009,1509.6797689159348,1503.3564220630788,1369.780746349984,1530.842901653698,1553.0015483570007,1513.5642569068389,1517.2473255963428,1406.452746795381,1612.4046652522218,1535.1490808408862,0.5143322855397722,0.5150968073572633,0.49426060776739655,0.47726447337276157,0.47434349455658065,0.4998535582742428,0.5125240208213191,0.4784327504145788,0.48889541735001735,0.5162935281979645,0,0,0,0,0,0
2026-02-13 16:44:01.581,MOVING_DOWN,28.80000000000009,28.80000000000009,28.80000000000009,1603.9856021543,1646.2626642925934,1616.766094369694,1459.7878403054713,1613.0393380134656,1484.3936310812348,1366.6106768133973,1480.9225015944628,1506.4021488853082,1401.3243417636604,0.498923055647886,0.5013587546946222,0.49877339707383433,0.5344039407721302,0.4982500869914745,0.5131567534353512,0.5307667649005244,0.5067267663906208,0.485270082433001,0.5232728621574653,0,0,0,0,0,0
2026-02-13 16:44:01.688,MOVING_DOWN,27.00000000000009,27.00000000000009,27.00000000000009,1441.2143561752505,1494.399418090938,1551.973273629628,1588.6505081680439,1543.7528900400164,1589.3695813771685,1486.3055273567202,1409.8516804590138,1483.4122672756573,1366.3793816337738,0.47280432255264965,0.5053384917529812,0.45486134899027186,0.4653765785309336,0.5010074074831432,0.5048886973962569,0.49337919138085423,0.5425597902286489,0.5164288402493543,0.5167307582357428,0,0,0,0,0,0
2026-02-13 16:44:01.798,MOVING_DOWN,25.200000000000088,25.200000000000088,25.200000000000088,1430.1963014538017,1418.2726833468264,1575.8170534126216,1623.6916395643736,1453.4874050497835,1402.33498865659,1512.6980507095511,1511.3041431129243,1358.1132622257326,1642.9676885064584,0.4939779881288779,0.5090837374910121,0.45077831919158245,0.4830306425918484,0.5399746145896314,0.5247545573374003,0.5334141580667476,0.46800780071204123,0.45990458711476156,0.5329554665665119,0,0,0,0,0,0
2026-02-13 16:44:01.906,MOVING_DOWN,23.400000000000087,23.400000000000087,23.400000000000087,1399.402718730958,1612.4051452040892,1441.6892292065281,1421.6176743647693,1502.7445012193743,1488.9041249982658,1489.6840176422645,1405.965990033656,1381.4088228959429,1628.5357943679583,0.48533391315793384,0.5439904533008458,0.5326885494527855,0.5241304336196859,0.5408839816408932,0.4954097780210912,0.4518329491312491,0.4775442248253196,0.5075866717804371,0.5157233954025363,0,0,0,0,0,0
2026-02-13 16:44:02.015,MOVING_DOWN,21.600000000000087,21.600000000000087,21.600000000000087,1543.8754452600742,1628.2911984797543,1521.1593607957986,1445.0220156240773,1533.0905216223337,1499.5698579124296,1422.6994365664495,1484.2120060395064,1457.1619943458054,1455.7871908683294,0.507880359852202,0.5217569023870601,0.5473736946277977,0.5032080352009253,0.4589477999186636,0.504821828853799,0.4897542709576942,0.5464037706649872,0.5052982094156067,0.48188053007043635,0,0,0,0,0,0
2026-02-13 16:44:02.125,MOVING_DOWN,19.800000000000086,19.800000000000086,19.800000000000086,1400.9138432023415,1519.725079374768,1351.0454700121459,1410.860831610551,1469.2064719149587,1598.2906304539272,1483.9620250336343,1563.680361263009,1420.424066089537,1379.9281689793017,0.46215787083298426,0.4608052138834601,0.46013233618450766,0.5442406576378475,0.4942139576836291,0.4706209867839274,0.4520925415068982,0.458583830594296,0.5001250012323053,0.5117510324907307,0,0,0,0,0,0
2026-02-13 16:44:02.232,MOVING_DOWN,18.000000000000085,18.000000000000085,18.000000000000085,1613.4404031186352,1397.5988654927528,1615.8596044713709,1539.9421677862454,1477.3047579733047,1454.228934330945,1410.911716657404,1484.4780646947497,1375.6629285897081,1431.3875767314414,0.46244212391970935,0.4994270768648833,0.45209784675765435,0.49003135190232566,0.5300710152008852,0.46819137802384014,0.4596888425961661,0.4792569987530102,0.5189694127180956,0.5054181055832612,0,0,0,0,0,0
2026-02-13 16:44:02.341,MOVING_DOWN,16.200000000000085,16.200000000000085,16.200000000000085,1422.8516248567612,1610.6465075981644,1463.7350919977303,1507.8789122499445,1559.4895102641542,1445.2140035325065,1414.8578745866403,1550.7083197139602,1370.2240945902688,1450.326064436649,0.47273316923771413,0.5123605573187623,0.4785579078125573,0.502032639045985,0.495853612967055,0.5042687262283052,0.5381386734935543,0.4856224692428244,0.478577508413375,0.49700340972909285,0,0,0,0,0,0
2026-02-13 16:44:02.451,MOVING_DOWN,14.400000000000084,14.400000000000084,14.400000000000084,1454.845316266825,1409.7905911139283,1485.5686037444364,1636.2814956072598,1567.3376427166309,1526.8063997949785,1515.7803291547127,1402.1990008828343,1582.9240554291014,1576.259791088864,0.4922794083600496,0.5492939145006708,0.5341565129655848,0.5073074888218007,0.5323817977522362,0.4913117896161401,0.5402807242707598,0.5183795760287446,0.4827487447071922,0.49071810931324045,0,0,0,0,0,0
2026-02-13 16:44:02.559,MOVING_DOWN,12.600000000000083,12.600000000000083,12.600000000000083,1350.5907279810524,1360.6927547102982,1511.8100483222097,1538.0852748523653,1478.1401297241994,1489.574760396135,1406.6492834018277,1474.6061877735096,1407.5543353522853,1455.0744894907778,0.5259480596099166,0.4664584583027188,0.5039472347835843,0.457125124978116,0.5316650532251881,0.4892907775902751,0.5270427567884787,0.47066969414326165,0.5073773353623634,0.5332152540129422,0,0,0,0,0,0
2026-02-13 16:44:02.683,MOVING_DOWN,10.800000000000082,10.800000000000082,10.800000000000082,1401.7975619871172,1543.584161840479,1634.5381002456152,1353.539048245904,1622.947728246703,1363.1161297769584,1613.339342394964,1524.8196958562148,1515.521975673023,1456.2979837609232,0.48746385242379053,0.5319217528348025,0.466683447336683,0.4515535346151824,0.48934928243555176,0.5042560272194396,0.4898861738822708,0.5328753486708042,0.5264908969509368,0.5356211937700565,0,0,0,0,0,0
2026-02-13 16:44:02.791,MOVING_DOWN,9.000000000000082,9.000000000000082,9.000000000000082,1436.5909045649887,1561.2710233063763,1365.7886635860193,1390.7148258682294,1440.9305368578819,1564.119061368079,1601.126202144334,1594.416440943498,1532.9432759063977,1587.7960665679695,0.5066978638564364,0.498548794575903,0.45683713367262185,0.48549607215615087,0.5124078129332029,0.49582163601171103,0.5155451651880112,0.4730791390436367,0.5336489849702493,0.5033925183751653,0,0,0,0,0,0
2026-02-13 16:44:02.901,MOVING_DOWN,7.200000000000082,7.200000000000082,7.200000000000082,1544.0953249232916,1609.809788555898,1420.1866167038197,1591.2037419543717,1398.7404035684167,1364.9352258878002,1612.6921683384448,1474.688373583509,1528.9607906641527,1531.1737004766487,0.4857090209980226,0.501426931097018,0.4906569110276187,0.4611547757971531,0.4913106842788251,0.4749969364129355,0.524347118557986,0.5052270020038622,0.5470230180987713,0.5107725676005174,0,0,0,0,0,0
2026-02-13 16:44:03.010,MOVING_DOWN,5.400000000000082,5.400000000000082,5.400000000000082,1355.1223182502267,1497.6602210949968,1559.4520138080495,1518.1275910144584,1497.6114001621738,1517.2175572905205,1558.2544849114222,1426.353561440335,1612.0711598191738,1607.1978373853187,0.524953914449674,0.5328567732293807,0.48027815688020614,0.519601341058086,0.5454581122098432,0.45233249833257516,0.4690127478122713,0.5244598337285018,0.5480720277043651,0.4885782359130177,0,0,0,0,0,0
2026-02-13 16:44:03.119,MOVING_DOWN,3.6000000000000822,3.6000000000000822,3.6000000000000822,1439.1575395238124,1470.2650730094542,1577.6198250913292,1632.0044942389322,1404.775525545721,1382.6699441150547,1438.501464780443,1422.7836996281228,1434.9496135315594,1602.6675400572058,0.4893407568100536,0.49764655869544755,0.5077613576862012,0.48283216787055183,0.5074375982820588,0.5083884581193058,0.5003804496043551,0.5420577642174501,0.45296209452711556,0.5197524604059263,0,0,0,0,0,0
2026-02-13 16:44:03.226,MOVING_DOWN,1.8000000000000822,1.8000000000000822,1.8000000000000822,1532.9062759918322,1574.9319300770699,1549.7531763566485,1438.930678927093,1431.816927215286,1461.5703184387803,1569.559655558396,1534.221408761932,1469.5231007171626,1440.69105119898,0.4948933927682082,0.5429274424622911,0.4787259066939317,0.46658188301446857,0.5280191649013323,0.5112593781441446,0.5196011927437176,0.508107231774663,0.4768440789127975,0.4970068288810855,0,0,0,0,0,0
2026-02-13 16:44:03.335,MOVING_DOWN,8.215650382226158e-14,8.215650382226158e-14,8.215650382226158e-14,1406.4934825075577,1356.8870755955859,1598.3433667949546,1376.699243749999,1459.764843628244,1436.949965964532,1389.3822185184893,1623.6527755114691,1592.2655913407034,1597.3248624564708,0.47852173142487087,0.5193263901629923,0.5489010692926996,0.529051593405588,0.5302830894925061,0.4916974917546474,0.4733575368579598,0.47498430298898464,0.5070282051965659,0.4634721202682639,0,0,0,0,0,0
2026-02-13 16:44:03.451,IDLE,0.0,0.0,0.0,1559.216014254321,1618.8750197045465,1512.6505886076857,1565.1732445763964,1545.1618907284137,1483.1662172387305,1432.6230641305456,1366.2671065407978,1430.5308146354037,1430.5027798814135,0.51626195531681,0.5162281520182646,0.46627356889073257,0.47908541337991833,0.48564241526749224,0.47652906614021795,0.535296037058135,0.5177955769345377,0.5259805918801104,0.47405739621679005,1,0,1,0,1,0
2026-02-13 16:44:03.552,IDLE,0.0,0.0,0.0,1453.3755049084466,1513.3852180112015,1352.5142942193634,1632.7159324250174,1545.578612705641,1442.352047446238,1531.6767318962834,1484.8717826251707,1385.0349288032448,1637.330218545924,0.5487611868289326,0.4775413592782746,0.4969734328262921,0.5062447601536415,0.5155082406835588,0.5207614476732931,0.5022811612515475,0.5238901160039515,0.5255899223181651,0.4538067445551208,1,0,1,0,1,0
2026-02-13 16:44:03.656,IDLE,0.0,0.0,0.0,1529.3184018965378,1451.3228928508013,1450.1047635473365,1601.9414187848117,1465.1875510122816,1647.3486075410192,1492.3105353070762,1481.1182005012665,1524.966128596021,1520.9719048223299,0.4970049941895802,0.4974500759352332,0.516485612065379,0.528519566020477,0.5224140112070776,0.4795793752414014,0.45633229708229217,0.5343113513512647,0.4836393080267469,0.5450104727309387,1,0,1,0,1,0
2026-02-13 16:44:03.766,IDLE,0.0,0.0,0.0,1421.2218008398083,1379.0773350138752,1578.3756947951206,1399.8751586109215,1644.845543075986,1359.2089690880862,1602.0847686751858,1509.555870982975,1484.082534739368,1556.2223904495597,0.46369160564917444,0.5052903189886214,0.5338558121065439,0.4768358739978419,0.547267076345205,0.5060575782074025,0.5373231082947907,0.47449557359037653,0.503571246666857,0.5067133392883836,1,0,1,0,1,0
2026-02-13 16:44:03.875,IDLE,0.0,0.0,0.0,1581.2742920123958,1436.282009337842,1610.174304699374,1529.8934857417723,1455.5663954826773,1631.9316594368934,1515.9468739208648,1551.1151839345323,1547.9921066788193,1441.7586498404203,0.5320344175994455,0.5455559834281911,0.5401082357396132,0.5093108603261527,0.5109401163412058,0.487779112257782,0.4977966141184933,0.5254730886295937,0.4669575020575118,0.47234264223382966,1,0,1,0,1,0
2026-02-13 16:44:03.983,IDLE,0.0,0.0,0.0,1616.824962867263,1616.8847510439477,1600.800660226348,1484.0921509458287,1517.87047943088,1401.4735280504563,1429.8093992769832,1468.9053956477521,1410.8409601406115,1463.0773589835046,0.4813740125721111,0.5376354012365642,0.5195670000488607,0.5232016900301223,0.5396694893519559,0.4579278494808565,0.5251940949560483,0.4947852208258377,0.4639186398373608,0.4668820990133637,1,0,1,0,1,0
2026-02-13 16:44:04.091,IDLE,0.0,0.0,0.0,1550.006856277062,1377.4241220120787,1464.2284842138738,1558.464657451762,1615.2433282761926,1646.7796821090774,1433.810580333134,1622.6044468695316,1589.8948047611545,1512.1978477365599,0.49189235777058254,0.4644504016182015,0.4530198324979764,0.5406694369632885,0.4919610927007757,0.5353928210445092,0.5163912884863848,0.4922472322626594,0.48348434958940206,0.4903778673843897,1,0,1,0,1,0
2026-02-13 16:44:04.204,IDLE,0.0,0.0,0.0,1618.48660647112,1431.7102676922905,1489.919718537646,1588.3851784514138,1469.7635005849936,1386.5049472483465,1614.8926359653155,1386.3660970752924,1507.85125372636,1364.601815678575,0.4803780309495854,0.47954883302036283,0.45241866249615964,0.5024766422265132,0.5171592474886222,0.5421916094092787,0.5083592045992038,0.45019744219757607,0.48170184486681533,0.46544756853247404,1,0,1,0,1,0
2026-02-13 16:44:04.323,IDLE,0.0,0.0,0.0,1616.3417208672442,1620.5944893634269,1499.6334396833633,1585.7989828280024,1434.2229241925997,1585.0811655786151,1564.6254721539167,1384.6719599884773,1488.5099334462805,1437.4681080523117,0.4930473082309597,0.5162995562223164,0.4501498847146984,0.49559767314052333,0.4790909137888704,0.4617387540450993,0.5136111765517594,0.4561645392152588,0.5454860246682015,0.4866524728042224,1,0,1,0,1,0
2026-02-13 16:44:04.421,IDLE,0.0,0.0,0.0,1451.0853136942133,1398.4911445996972,1607.9106172527102,1555.8554550916765,1571.1134008399438,1574.6842287198958,1386.3208875070975,1429.9079066020643,1354.5628751558374,1497.7830840175404,0.5205177900097181,0.48733245916614243,0.5115680933895654,0.526566968292697,0.4969298852668598,0.45947433959539563,0.5097161991878225,0.4626333280961294,0.5110459693116118,0.46743647954283457,1,0,1,0,1,0
2026-02-13 16:44:04.540,IDLE,0.0,0.0,0.0,1459.7202788092552,1467.8994450054045,1373.9533549966072,1481.4533652853927,1478.2321259850519,1567.7685503528207,1453.9406391367465,1536.2564689778092,1565.571624178166,1528.767936359592,0.4846870159558329,0.5223212020465962,0.5168646894874278,0.48682999741904476,0.5375826758056315,0.47147084942480033,0.49454854785787183,0.5426268890130076,0.5198140774312459,0.5266198143799433,1,0,1,0,1,0
2026-02-13 16:44:04.648,IDLE,0.0,0.0,0.0,1554.1595995204973,1447.8406022268798,1394.3751432143858,1456.194458297436,1455.9644519037854,1381.3682584357225,1545.3750500962783,1621.556390823441,1414.389299790117,1399.5926880585898,0.45753454144077155,0.47624067540642134,0.4844360723164008,0.5169646974591728,0.45900816112488857,0.4920142947246649,0.4781252198255383,0.5036669339894061,0.5476252138902833,0.549050327943998,1,0,1,0,1,0
2026-02-13 16:44:04.751,IDLE,0.0,0.0,0.0,1436.355016253993,1522.8008713616396,1432.3145399938517,1353.3791552327643,1390.5038050788723,1550.6043061279092,1352.6415715134203,1626.7474804530686,1549.1330407297344,1506.2843902522354,0.529052270290039,0.4587001689938514,0.4580905781611182,0.5240408457185541,0.4606961418741244,0.5001791760543682,0.48049740603449453,0.5135808830827783,0.4614007723323264,0.4962041937890604,1,0,1,0,1,0
2026-02-13 16:44:04.864,IDLE,0.0,0.0,0.0,1459.349185514161,1636.2419558120382,1516.1172872461382,1605.4976303019255,1575.244621191065,1427.954802323707,1400.8978885753816,1550.179235069796,1424.0579824750287,1440.9498718207956,0.49355012753943883,0.5227573017335077,0.49598777309738906,0.45081644805010646,0.5135525742696732,0.5221733452838113,0.45450343191575604,0.5101880640811683,0.5063813886820819,0.5307027743230617,1,0,1,0,1,0
2026-02-13 16:44:04.971,IDLE,0.0,0.0,0.0,1529.1160475343506,1637.2631328893112,1413.4611228466958,1649.00225323683,1521.7977849765919,1529.4817739757352,1354.9718683745277,1556.548775292023,1645.5057653065428,1509.7089189481803,0.5302398745125161,0.5415316749954868,0.5222348475404087,0.4759918375631229,0.47031661634428085,0.47621227580464276,0.4788564400318246,0.5191587354436579,0.525317034267402,0.4610527393811437,1,0,1,0,1,0
2026-02-13 16:44:05.079,IDLE,0.0,0.0,0.0,1494.8858851706796,1512.957165643115,1540.1640979876636,1466.0219279829369,1558.0672510479455,1639.4681199537472,1518.7593951214756,1442.3133923944679,1464.8593870632208,1566.7611020894362,0.5037413229179913,0.5361297305563437,0.4990267422390224,0.537500473548654,0.4921110944598998,0.5044698633833379,0.47586847931630893,0.48561520216574544,0.5192871499329206,0.45131616056756285,1,0,1,0,1,0
2026-02-13 16:44:05.189,IDLE,0.0,0.0,0.0,1485.4823134066241,1570.4243472918154,1649.4082055366755,1623.1514682096142,1557.3723359320754,1356.9621199630205,1572.323524742947,1420.1560923970678,1568.403889006892,1602.6329440383302,0.5088868525147159,0.5492954625459038,0.4665957283535532,0.5408932170637458,0.45034579705043776,0.4972165619246846,0.4978260409800681,0.4565670422270802,0.5000330585004784,0.47000031222644034,1,0,1,0,1,0
2026-02-13 16:44:05.299,IDLE,0.0,0.0,0.0,1400.5810764604591,1563.0152083602502,1495.2962159953754,1506.422460530317,1430.4458710703384,1486.3974114425214,1576.817367476092,1572.9858353074544,1555.2931185073169,1504.2766841174125,0.5262899231395454,0.5206856098021735,0.46153363294335814,0.5280248230842994,0.4741771556957784,0.5067753647776662,0.5154178952347714,0.48563219554644754,0.5211131012441986,0.5347969197451836,1,0,1,0,1,0
2026-02-13 16:44:05.409,IDLE,0.0,0.0,0.0,1510.826984482158,1599.672622931249,1376.0091059761912,1383.341820753322,1418.095629667106,1540.2508209541454,1456.391388708171,1635.587331891858,1579.4628645707044,1384.102562463491,0.49975962156661813,0.5485354413998375,0.4512294087953746,0.5151623274570482,0.5383078972502486,0.45908747420028656,0.4562734767500784,0.5002632501875265,0.5039348727438989,0.48424401066439315,1,0,1,0,1,0
2026-02-13 16:44:05.520,IDLE,0.0,0.0,0.0,1555.933424357191,1515.4820325021894,1603.815484576052,1534.8601981779038,1369.5116830356571,1425.1362930584153,1441.7664027029682,1463.388823868315,1442.9815015704655,1589.675710174434,0.5316339243041939,0.4943082570704126,0.5195502242127247,0.5408617514042768,0.45078044659442157,0.5180580633406274,0.5392253488266705,0.5051166057181892,0.5206364782952005,0.462414566979615,1,0,1,0,1,0
2026-02-13 16:44:05.628,IDLE,0.0,0.0,0.0,1382.6828134112886,1640.5911174719877,1519.872216084658,1556.522826616152,1568.8121475388034,1606.6573477944526,1482.7177953939033,1504.6855586981462,1522.8031195995452,1364.1099973785924,0.4823872043661476,0.5024906443697617,0.5384404354679321,0.477124064305635,0.4837570446854962,0.5029559583098253,0.5472676860659998,0.5475551543654972,0.5287271109039641,0.5129943896339048,1,0,1,0,1,0
2026-02-13 16:44:05.739,IDLE,0.0,0.0,0.0,1613.7881545657367,1398.558890514482,1549.4856593208315,1391.8435761746,1355.825552732722,1592.6455866156557,1416.2897883277678,1448.4104418891138,1581.7900808759039,1558.723727591684,0.5496594290371437,0.5106450936724635,0.5463532145863441,0.49768171320318116,0.4525239890673937,0.45555078869672444,0.45274330560757087,0.5242016292603693,0.501930326624422,0.4503572611053145,1,0,1,0,1,0
2026-02-13 16:44:05.848,IDLE,0.0,0.0,0.0,1525.5308354895426,1605.8062278572902,1609.9823864943128,1485.1945274493053,1495.5776429900045,1590.215591427974,1523.091898098275,1510.810840557898,1624.6955903409164,1639.4946433077118,0.5240214354507561,0.5194102559078562,0.4637764743683612,0.5072518005213735,0.46930853192579974,0.46388155368886647,0.46078854645318945,0.47286421488995695,0.4534431854630821,0.5014099787808933,1,0,1,0,1,0
2026-02-13 16:44:05.960,IDLE,0.0,0.0,0.0,1473.3991227314914,1644.248191018375,1446.7783252045172,1367.6088342273667,1627.5160869845652,1554.0431003986005,1433.8668700838225,1430.742115359857,1479.6912036915485,1445.3614684395654,0.4969266545678286,0.4749039415744807,0.523268089934686,0.5072004257215728,0.46629357273295274,0.4614690297679074,0.4559320272370381,0.5222962882275819,0.45515617566348515,0.5481628800322937,1,0,1,0,1,0
2026-02-13 16:44:06.069,IDLE,0.0,0.0,0.0,1617.1875487645198,1568.5395819452342,1355.9491285424433,1575.1606349306714,1598.2178641957878,1562.6342185599083,1467.4846147681837,1641.1236949855374,1476.6898875138568,1582.69870024236,0.45852806340157,0.5464439874880704,0.4946845072370225,0.48413258958689576,0.5129540118463938,0.52449824997097,0.45140826196467154,0.4993047639363175,0.4505520591550864,0.5468017682502956,1,0,1,0,1,0
2026-02-13 16:44:06.179,IDLE,0.0,0.0,0.0,1546.2875231416547,1544.4041028294002,1636.772693396759,1619.630271729906,1389.8188926160806,1559.3527133584955,1585.4127557012407,1418.6185483509094,1449.2526115135104,1489.4702334890326,0.5096973889562556,0.5193372012205487,0.49171779920611636,0.45019854358817335,0.47248287920532267,0.5400491960106842,0.48927076426681687,0.5024719781477344,0.520652825626876,0.5487500578069184,1,0,1,0,1,0
2026-02-13 16:44:06.290,IDLE,0.0,0.0,0.0,1446.858377150888,1577.9748470232737,1624.635378636897,1519.304576713216,1584.2046813685026,1559.0651694316318,1376.518147799731,1578.9034235570016,1461.1769742782924,1551.5451326852879,0.5438671191005019,0.5066495440737894,0.48471987943165507,0.5065545539923902,0.520880774207831,0.4719409143622023,0.5467460087518925,0.5305282841569606,0.4678948087480517,0.5362155187280756,1,0,1,0,1,0
2026-02-13 16:44:06.401,IDLE,0.0,0.0,0.0,1649.2230481967756,1431.8446913939238,1549.279295789913,1391.413969231477,1379.7361404074315,1649.7433182973223,1591.4203821036874,1521.4996450086157,1612.6336190821933,1378.421235814857,0.5002382424013816,0.5495100336960512,0.48144022572358025,0.465596795287519,0.49498292609463723,0.5054407195772201,0.48466784218659736,0.49517086092713686,0.5465273146083195,0.4523024185562431,1,0,1,0,1,0
2026-02-13 16:44:06.509,IDLE,0.0,0.0,0.0,1485.088744920888,1480.6715032039353,1540.039163269828,1429.1635999564883,1590.5093486043243,1455.2288965368027,1635.8830376820767,1539.3440487008081,1599.436949612201,1386.166131833655,0.4888853181452174,0.4971544089842617,0.45245382491227537,0.5497691914336311,0.4909785219310976,0.5144992039400196,0.48584687235064355,0.5094219747409249,0.5141975000004441,0.5131880192108823,1,0,1,0,1,0
2026-02-13 16:44:06.619,IDLE,0.0,0.0,0.0,1356.8155342467478,1407.6810330099556,1361.882737227109,1508.0141705894064,1620.2588327487026,1512.295017909292,1593.9433351856264,1462.7918628581451,1376.953975327783,1620.4681806483245,0.457349846205225,0.45046390137932246,0.4519389543940882,0.5019478622667637,0.5297711395524224,0.5203024658907732,0.4608792037681436,0.48707217413494797,0.5478027406789986,0.5177020617132017,1,0,1,0,1,0
2026-02-13 16:44:06.729,IDLE,0.0,0.0,0.0,1642.9477874996521,1536.6830421809389,1503.4059076098415,1423.1213092752735,1373.4516657030888,1446.284885959131,1595.8303820661959,1433.7267800174614,1524.2016527090307,1440.8697135587481,0.5218969760727774,0.5002783811169752,0.47923341309760303,0.4552989772687138,0.4751534617268621,0.48840123063621116,0.46382301126328057,0.5146481441553364,0.4667325850163958,0.49975983564619564,1,0,1,0,1,0
2026-02-13 16:44:06.839,IDLE,0.0,0.0,0.0,1516.9242835753018,1373.5592494456928,1500.499456458789,1643.4868430574106,1632.6711658428185,1352.2188063322844,1390.6139455619957,1521.94857090317,1627.0834360199362,1460.1250768147854,0.5392581680199027,0.46587429709026373,0.4674082159222014,0.4859940780776632,0.48321674431519607,0.45266070054379876,0.4745488102316985,0.541592262592679,0.4796912995382755,0.46047504605072803,1,0,1,0,1,0
2026-02-13 16:44:06.947,IDLE,0.0,0.0,0.0,1544.2253348514628,1572.6775983894595,1579.879127235645,1421.0106558149823,1642.6158791677663,1394.6599406801874,1505.3551220204524,1600.7356872208811,1489.8748688151582,1535.8134855404523,0.503861284338685,0.46159085143177614,0.49500383581708374,0.45611343792162207,0.5418872658172604,0.4503681849733654,0.46774633002841776,0.5311044456650879,0.48189439876266665,0.5097530375837903,1,0,1,0,1,0
2026-02-13 16:44:07.057,IDLE,0.0,0.0,0.0,1381.575198699288,1386.9978976270604,1386.9092968685923,1604.1593040033467,1516.9966465854482,1495.9658199992862,1624.2836350385417,1578.9117658721755,1585.0948355594355,1601.7266205544743,0.5277984484642664,0.4554979183169089,0.5487426600710724,0.5260368410709918,0.5264505621688644,0.4822680065808318,0.5318991840140078,0.5063943505895177,0.46379706976087715,0.4541234276766213,1,0,1,0,1,0
2026-02-13 16:44:07.165,IDLE,0.0,0.0,0.0,1630.6113032206022,1628.7332878919772,1567.8785146074322,1355.6957232229672,1422.5564079391156,1532.68885284292,1389.401821799178,1355.584869643337,1638.6165723847062,1628.4927075683127,0.4590973420668761,0.5378617863870992,0.4818416113040872,0.48935468304234514,0.5398844584176155,0.48747671091233574,0.46656498749529524,0.4952279250440831,0.4950331479101319,0.5154311227629856,1,0,1,0,1,0
2026-02-13 16:44:07.275,IDLE,0.0,0.0,0.0,1637.7752599905473,1495.4569080392534,1455.546247703613,1552.6949008042752,1593.5727853043845,1362.1526966452952,1379.2742314916413,1545.1032509505505,1583.9327985957555,1641.3297276051983,0.5142546617153146,0.5428880954950096,0.5104973711603835,0.48828892979937266,0.5006499978748685,0.5442706003558758,0.5439304010901742,0.5019861605811821,0.47530098286509104,0.46478078554741,1,0,1,0,1,0
2026-02-13 16:44:07.384,IDLE,0.0,0.0,0.0,1467.690526632941,1544.616890809178,1609.230334594326,1540.154506715609,1358.7349096628982,1427.8685684769928,1647.776269173172,1551.6635204570994,1392.7295246084,1489.585180123101,0.5468209335697181,0.4691786370418877,0.4520612530566955,0.4623585221825241,0.5359127797731307,0.4867804167986216,0.5163907454648611,0.47634567292804486,0.4797892060710121,0.531702891276768,1,0,1,0,1,0
2026-02-13 16:44:07.494,IDLE,0.0,0.0,0.0,1619.2367521002864,1589.457948241881,1569.660166899875,1632.7758918177622,1417.3735696247775,1358.9052554860525,1566.72837256272,1497.0655947386304,1621.744173231524,1428.7135035919084,0.492310201731782,0.46348579440167076,0.4549081315315872,0.5073090465426245,0.5290630297247607,0.49417097081573563,0.4944353358204183,0.47714475059726896,0.4530556501592235,0.5085108732973859,1,0,1,0,1,0
2026-02-13 16:44:07.601,IDLE,0.0,0.0,0.0,1416.2959662153514,1532.596240814789,1457.3808275196552,1586.9610207996932,1462.908741692866,1363.4209170122876,1445.5590383470053,1622.1853773079547,1627.3838112065475,1360.3173364880495,0.5371716012931962,0.45828182971353565,0.527649107179569,0.5243849325892156,0.4989428730631569,0.486454711627008,0.4854560800985012,0.5142931248200926,0.5110057786265843,0.4761710818568679,1,0,1,0,1,0
2026-02-13 16:44:07.710,IDLE,0.0,0.0,0.0,1457.3314048340396,1537.888996001469,1363.2641638433995,1356.2541822095136,1367.5068818782815,1548.5195565852537,1641.7445955957262,1611.973535959286,1450.8334034140717,1623.6617299157972,0.4678329276911878,0.4694012154360947,0.4574873431250873,0.4943751431153848,0.46582483220735066,0.45700369356344683,0.4979783855844432,0.4922513605412165,0.4580421805191418,0.5411517928981959,1,0,1,0,1,0
2026-02-13 16:44:07.817,IDLE,0.0,0.0,0.0,1613.0863043929705,1641.607828463667,1424.8110719020558,1447.0270002835919,1626.5642607524014,1602.0528418885451,1367.9983893839035,1631.9447152207113,1495.5438662348909,1492.3192433237884,0.5207282444701796,0.5195100031752138,0.4674389369606544,0.5195138538376753,0.5157071539526316,0.5071500076544992,0.48297091084889976,0.49671606391652434,0.4697305176987221,0.5453285557283788,1,0,1,0,1,0
2026-02-13 16:44:07.927,IDLE,0.0,0.0,0.0,1568.3680550512343,1452.738202586549,1488.5109373186738,1615.8495671629398,1374.7789627367802,1584.7276777487446,1503.0271595129618,1593.861256695724,1638.0886915973622,1374.7387399378117,0.47445131236764093,0.47390219919977006,0.4626723868066466,0.5391175101734532,0.5072926779720558,0.45459189273236533,0.5291971717104013,0.47114956291479204,0.5477321134847315,0.5441752336453464,1,0,1,0,1,0
2026-02-13 16:44:08.038,IDLE,0.0,0.0,0.0,1504.6505498095541,1440.5815855906785,1494.415267733429,1412.0625968011805,1441.3804024285516,1588.603438798522,1589.6193056141824,1448.2925464426078,1595.523066939376,1453.2618120789655,0.542453910984863,0.5392867359598388,0.5253312913668199,0.49820781059369523,0.5004390751296721,0.5444450756829705,0.5469139926818307,0.5356765415769511,0.4712759897018179,0.5227541520781549,1,0,1,0,1,0
2026-02-13 16:44:08.146,IDLE,0.0,0.0,0.0,1353.6605885633478,1434.3986148939643,1601.4860342606232,1619.271064491548,1622.482863454679,1467.6815459619784,1526.622202109714,1526.4685336910395,1375.2501049290506,1421.2696663580982,0.45806311692092694,0.4921837182074722,0.48752419865070334,0.5076982119012229,0.5441206111714464,0.5117245030080725,0.480341585906731,0.5429629197995346,0.4605305692485242,0.5141338799018718,1,0,1,0,1,0
2026-02-13 16:44:08.254,IDLE,0.0,0.0,0.0,1519.036709630768,1360.182515583415,1370.634209680613,1412.0928227880195,1376.8820441013484,1524.7714161169329,1447.7735150887374,1506.0052897949843,1539.9576765533611,1586.3006001977433,0.4926804353507724,0.4668663589531007,0.5078726375250718,0.5247323995482905,0.4937657245049121,0.4965575394040353,0.498789223234597,0.48303103651910456,0.45801523547808903,0.45321090874309317,1,0,1,0,1,0
2026-02-13 16:44:08.358,IDLE,0.0,0.0,0.0,1562.7579977171106,1579.8170808962147,1466.8744712401005,1457.0514709561983,1558.1296663312344,1574.3844025455292,1483.112164463648,1537.3780361358608,1456.6591402249023,1357.5682028955327,0.46403983441209834,0.5271703187599248,0.4851100937602447,0.471093092905709,0.4838166537529258,0.5429335822747317,0.459395963683056,0.5226738866659537,0.4783623080795304,0.5194874169533111,1,0,1,0,1,0
2026-02-13 16:44:08.470,IDLE,0.0,0.0,0.0,1554.8314133332435,1455.7613817961953,1519.0608831080056,1451.9702318712104,1456.2955588876316,1385.7173323711404,1595.1536828573715,1375.2137128711731,1597.9242437080675,1599.2558479197353,0.5004414753181434,0.5468787598378944,0.527633785838938,0.47191536063040695,0.46748442777090565,0.4837272834383484,0.4730057500108043,0.5102803036504894,0.47996874864202377,0.5323680340560711,1,0,1,0,1,0
2026-02-13 16:44:08.583,IDLE,0.0,0.0,0.0,1642.0598133131864,1459.025559379657,1461.5719920302204,1574.3548898582544,1525.517119518949,1502.2244340865366,1379.4032359882467,1432.2378734688396,1532.0394312118171,1355.3948064902986,0.4652531592868324,0.4539846440252967,0.48420909178840427,0.4764622141859395,0.512860639935617,0.45494881583190633,0.5256389742137263,0.48853639233523893,0.5105951691422249,0.48929074362784286,1,0,1,0,1,0
2026-02-13 16:44:08.691,IDLE,0.0,0.0,0.0,1573.95717210977,1497.4556009193395,1589.9876840355462,1402.1624320769802,1397.697188884742,1510.1886649942362,1469.6616248673313,1611.788341076649,1628.4391251628867,1503.0197990434897,0.4509942354306541,0.5130544896789617,0.5102025107841828,0.5363052185596681,0.5158027495884915,0.5085004175065513,0.5180707283889797,0.5069871705883463,0.4919189536588546,0.4690254894507738,1,0,1,0,1,0
2026-02-13 16:44:08.801,IDLE,0.0,0.0,0.0,1528.4644449059392,1501.2488479705494,1391.5171925743234,1443.039461928569,1630.7345687374464,1636.675646359597,1566.5143957787159,1400.0001490949353,1549.5795305963875,1391.6052648339476,0.4867147937785836,0.46702630619013125,0.4724873235106806,0.5128075756745064,0.5414446650424212,0.5449809518810272,0.5254722937543388,0.46817764553899105,0.5054264965701858,0.48109792086122527,1,0,1,0,1,0
2026-02-13 16:44:08.908,IDLE,0.0,0.0,0.0,1496.9627610848147,1464.0529698103965,1420.084734429451,1506.8033217596762,1391.0681945453612,1496.6380369769865,1533.1825762882836,1448.4731541242693,1450.978219501306,1539.8451167025441,0.4704366019863588,0.5230992100377847,0.5491320710313936,0.47578851910564957,0.49849479151274695,0.5477026362497606,0.5474210852139287,0.47874723236228106,0.5397045438129489,0.5014871389656762,1,0,1,0,1,0
2026-02-13 16:44:09.015,IDLE,0.0,0.0,0.0,1487.8212240603295,1582.1064087631614,1581.6909005127404,1450.5217675571844,1618.9692186879302,1547.472465199396,1485.8816917436493,1459.1328897280039,1405.8571104509358,1492.561345659684,0.4907289537533099,0.4608746709911256,0.4966915450934859,0.5428096844992222,0.5257600740133922,0.4669172444881232,0.4821440641618958,0.5388702467093592,0.4624177682748247,0.4858818397157695,1,0,1,0,1,0
2026-02-13 16:44:09.126,IDLE,0.0,0.0,0.0,1477.678897008765,1431.026973577781,1433.2007029571473,1377.736911691381,1565.9377688789757,1570.3244210323905,1571.0944046374223,1629.5730431932836,1455.6142918517523,1609.8612446054867,0.4741358118581584,0.5312025751276189,0.4657797457786689,0.5033891852435122,0.48097252465483514,0.5392981777099684,0.5068348309799996,0.5180353198185856,0.451218244891085,0.5160249056073929,1,0,1,0,1,0
2026-02-13 16:44:09.235,IDLE,0.0,0.0,0.0,1595.8613644544814,1588.2952833086624,1430.8053226996594,1584.6476634468602,1566.735889761333,1442.1510583368274,1536.2927703283895,1512.4009562772073,1430.2354359189424,1370.3024434068589,0.4765650719676484,0.5142417458025204,0.47374494912740844,0.4660282453662539,0.464607075852012,0.46232390460693784,0.46036981504621455,0.48174953487326017,0.5105794533729101,0.4630619700515751,1,0,1,0,1,0
2026-02-13 16:44:09.345,IDLE,0.0,0.0,0.0,1391.916645294556,1448.4629677762696,1496.412667760024,1404.1802570197606,1489.4051779011804,1376.264878662069,1493.5753467867878,1474.103831083385,1404.6474134878977,1476.6752314639768,0.531537931752569,0.4989483410496166,0.5084935898499122,0.4600601814837311,0.484307878080319,0.5490172074847507,0.5316857102895445,0.49126665892941385,0.5264790803616326,0.5027023239324513,1,0,1,0,1,0
2026-02-13 16:44:09.454,IDLE,0.0,0.0,0.0,1624.5713227050983,1403.637873174641,1496.0184303723258,1523.3913397709784,1481.272092474693,1513.187997582909,1581.8222256746926,1538.0135951462023,1370.2731334762454,1539.8418996233818,0.5281299377134026,0.5081391292441838,0.4938475426436413,0.4527696760233002,0.546244840192281,0.49731716807137,0.4851029754930271,0.47489593686009757,0.5273788509117451,0.5307196072864662,1,0,1,0,1,0
2026-02-13 16:44:09.560,IDLE,0.0,0.0,0.0,1418.6151910434492,1552.8996966812235,1598.9007713168414,1354.9159883427042,1491.0285036258153,1517.390691127184,1451.8666224099475,1518.7044995161657,1578.6870359558625,1486.8154550969666,0.5388565383725422,0.5060844772444301,0.47755978653722675,0.46060568442427513,0.49301658135422244,0.5116647613313825,0.4506788434160064,0.49529471239922573,0.5037219497324854,0.4595920834313765,1,0,1,0,1,0
2026-02-13 16:44:09.669,IDLE,0.0,0.0,0.0,1487.7386947271043,1495.4018915620436,1352.8598259098103,1617.8429329892206,1538.4249920720515,1373.4018732481072,1528.9378127989569,1617.8502557676763,1562.5633593001414,1641.1090799082408,0.49034399371569154,0.4848865514604049,0.5028252450621123,0.5055534678733551,0.5062417417498932,0.47239943506109033,0.4837235674514098,0.4654800367457939,0.5049313977501654,0.47708930211602374,1,0,1,0,1,0
2026-02-13 16:44:09.777,IDLE,0.0,0.0,0.0,1614.582161512781,1601.5588328646502,1468.9810247931232,1567.753996530173,1572.9333610807223,1563.3770764466474,1445.9635659810115,1602.1835101268623,1466.0847192532947,1543.6671538267435,0.49986465728296775,0.502865464096758,0.5351196309597696,0.5487460775002698,0.5488042570212166,0.4631891834136163,0.48767633842054053,0.5003567477419804,0.5472459576312727,0.5166539306869342,1,0,1,0,1,0
2026-02-13 16:44:09.902,IDLE,0.0,0.0,0.0,1609.3418074634208,1496.445603971589,1478.4791334642482,1453.998669614686,1404.1788574946881,1590.7211512657736,1392.1154934156136,1407.5275206092433,1481.8491983960666,1437.236275832403,0.5334688719147459,0.4946264079602802,0.5027943457199336,0.5460438734158789,0.4687428251079917,0.49307009848058764,0.4536829609136851,0.4740899940918625,0.46941357272189466,0.46981488075794586,1,0,1,0,1,0
2026-02-13 16:44:10.011,IDLE,0.0,0.0,0.0,1436.544690703288,1444.2879708509467,1487.4135757921124,1412.3829930352222,1555.495329714612,1493.6871337380323,1510.4856183922905,1366.0235759357513,1451.1161400424055,1429.0281724224524,0.47595487665706704,0.46569930276779553,0.5340401239641088,0.5316853520274984,0.5101679874091564,0.4810279253332435,0.45677822017359637,0.48813297190882454,0.5257743142224308,0.5490387939758936,1,0,1,0,1,0
2026-02-13 16:44:10.120,IDLE,0.0,0.0,0.0,1555.1688356212528,1373.9009072883036,1481.8928341151168,1411.242009449582,1605.0645452222018,1358.5937874069639,1358.8645185525493,1418.7684753668525,1631.1910921484691,1525.2903925033547,0.5330726544204251,0.5071930597902349,0.5495901053242511,0.507324213916748,0.5302040325759065,0.46685280779133803,0.5386845465693649,0.5371499301119057,0.5037138429385611,0.5252155237556785,1,0,1,0,1,0
2026-02-13 16:44:10.228,IDLE,0.0,0.0,0.0,1598.1996590181395,1528.4787721617624,1574.1646605173937,1584.7162892541846,1446.6798862307649,1608.513487481838,1442.3797969686789,1551.703206669411,1423.3680098921404,1538.4218457160596,0.5242435879466469,0.4664998595451619,0.48000570764760453,0.5106607515365569,0.49715088603712865,0.4682919316176623,0.5442036970035371,0.5292166680169269,0.5339788769271501,0.49396933471892246,1,0,1,0,1,0
2026-02-13 16:44:10.338,IDLE,0.0,0.0,0.0,1462.501040999693,1559.650988413362,1404.2012872986975,1534.6972748141343,1510.3588375903364,1396.6770021577527,1403.2695573967367,1572.5301306386636,1546.4482752675895,1592.7866398066092,0.48246830534271384,0.5385857717255751,0.4990691083309895,0.5453173095119431,0.5132631067026783,0.5001593630904813,0.4674029476630226,0.4959839523160064,0.5382802428806146,0.49178156131437245,1,0,1,0,1,0
2026-02-13 16:44:10.448,IDLE,0.0,0.0,0.0,1524.2674268866838,1533.4595382409968,1353.883167369701,1397.4754402218346,1590.6953018593415,1435.0006899792897,1643.6069228051447,1551.9110797816302,1517.4214978218934,1607.4373319035913,0.4857252371871,0.46717105957844685,0.46830775476796316,0.461744541184691,0.5044293599918278,0.5316764273621457,0.46115571306893777,0.48667034500879,0.5432186033190878,0.5377029915245558,1,0,1,0,1,0
2026-02-13 16:44:10.556,IDLE,0.0,0.0,0.0,1443.5689943823065,1587.2649240175383,1570.7502309330546,1615.9182945368682,1496.6648272584566,1533.2125493793947,1580.1555417508666,1442.0637166130443,1648.6296653513007,1440.0981713119008,0.4509815863781272,0.5490609512166258,0.49409747474920357,0.4924343422408188,0.4899586230760038,0.5369803464772028,0.4776477509903009,0.46673828771722886,0.46755751231818593,0.5267116322077873,1,0,1,0,1,0
2026-02-13 16:44:10.664,IDLE,0.0,0.0,0.0,1620.7610764615317,1599.8262375856475,1513.679721334032,1549.5604461604237,1539.8052664269132,1468.5319881940086,1441.0368868842709,1408.4617592913582,1426.5767643468373,1612.9042170388893,0.5157972632579554,0.47783692506427333,0.4783337981802832,0.5249057121469011,0.5426681438612948,0.49044224878616766,0.4736369865406451,0.4558358887838344,0.5088051556405887,0.5002298267999625,1,0,1,0,1,0
